Workbook

Sheet 표지
B7: 요구사항명세서
B9: 감사정보시스템 클라우드 전환 재구축
D17: 작성자 | F17: 김병원
D18: 작성 상태 | F18: 최종
D19: 최종 개정일 | F19: 45621
A22: 본 문서는 어떠한 경우에도 공식적인 허가 없이 복사하거나 외부로 유출하는 일체의 행위를 금함

Sheet 개정이력
E2: 개정 이력
A4: 일자 | B4: 버전 | C4: 주요 내용 | I4: 작성자 | J4: 승인자
A5: 45607 | B5: 0.1 | C5: 초안 | I5: 남상현 | J5: -
A6: 45621 | B6: 0.9 | C6: 현업리뷰후 정리본 | I6: 김병원 | J6: 유경근
A7: 45621 | B7: 0.91 | C7: 품질담당자 리뷰 | I7: 남상현 | J7: 유경근
A8: 45622 | B8: 1.00 | C8: 최종 완료 | I8: 남상현 | J8: 유경근

Sheet (요건분리 전)요구사항명세서
A1: Biz요건ID | B1: Biz요건명 | C1: 요구사항구분 | D1: 생성단계 | E1: 상태구분 | F1: 출처 | G1: 요구사항ID | H1: 요구사항명 | I1: 기능/비기능요구사항(취합정리 5/25) | J1: 사용자권한요구사항 | K1: 의뢰부서 | L1: 요구사항처리담당팀 | M1: 검토 상태 | N1: 검토의견 | O1: 변경요구사항ID | P1: 변경일 | Q1: 근기문서 | R1: ACE | S1: 반영점검사항 | T1: 반영여부(5.26) | U1: 수행사 담당자 | V1: 업무상세 | W1: 요구사항추적표담당자 | X1: 특이사항 | Y1: 조건부승인 확정예정일자(YYYY-MM-DD)
A2: Biz-001 | B2: 공통 | C2: 비기능 | E2: 신규 | F2: 구축요건정의서 | G2: BFE-10001 | H2: UX/UI | I2: - 스타뱅킹 지원 OS 및 기종별 최적화된 UX/UI 적용 ㅇ 기기 해상도에 따른 텍스트/이미지 표시오류 최소화 ㅇ 폴더블폰, 태블릿PC용 특화 UX/UI 구현하지 않음 ㅇ KB국민은행 모바일웹 개발하지 않음 ㅇ 2021년 기준의 아이폰, 안드로이드폰 OS 버전별 16대 기기(폰 14대, 태블릿PC) 테스트 진행 참고 - 스타뱅킹 UX/UI 가이드 준수 - 트렌디한 디자인 | K2: 스타뱅킹2부_biz | Q2: KB스타뱅킹 금융상품몰 개편_회의록_요구사항분석_공통,수신,여신_20220511.docx
A3: Biz-001 | B3: 공통 | C3: 비기능 | E3: 신규 | F3: 구축요건정의서 | G3: BFE-10002 | H3: 고객 친화적 용어 사용 | I3: - 마케팅 소구 포인트 반영된 간결한 문구, 고객친화적/직관적 설명 - ‘고객언어관리’ 시스템을 이용한 용어 교정 | K3: 스타뱅킹2부_biz
A4: Biz-001 | B4: 공통 | C4: 비기능 | E4: 신규 | F4: 구축요건정의서 | G4: BFE-10003 | H4: 앱접근성 | I4: -앱접근성 가이드 준수(솔루션 점검 포함) | K4: 스타뱅킹2부_biz
A5: Biz-002 | B5: 상품탐색 | C5: 기능 | D5: 요구사항정의 | E5: 신규 | F5: 구축요건정의서 | G5: BFE-20001 | H5: 검색기능 고도화 | I5: - 금융상품몰 內 검색 범위 확장 ㅇ [As-Is] 개별상품 카테고리, ‘상품명’ 기준 검색만 가능 ㅇ [To-Be] 전체상품 통합검색, 키워드(태그)검색 제공 ㅇ 통합검색(솔루션)이 아닌 DB검색으로 제공하고 검색결과는 별도 화면으로 제공 - 검색기능 정밀화 ㅇ 대소문자 호환 ㅇ 최근검색어 제공 ㅇ 검색창 하단에 추천 키워드(테마) 제시 ㅇ 상품검색 결과시 상품군별 최대 3개 상품까지만 표출, 추가 리스트는 '더보기' 버튼으로 처리 ㅇ 인기검색어/유의어 기능 추가 및 해당 기능은 어드민에서 관리하도록 구현 ㅇ 자동완성 : DB 기반 개발 검토 - 검색기능 제공 화면 확대 ㅇ 금융상품 Main : 전체 상품 카테고리 상품검색 > 상품군별 구분 표시(예적금/대출/펀드 등) ㅇ 금융상품 서브메인 : 해당 카테고리만 한정하여 상품검색 > 적용 상품 카테고리 : 수신, 여신, 펀드, 신탁, ISA, 청약, 외화예금, 퇴직연금, 보험, 골드투자통장 > 비예금 상품(투자성 상품)의 경우 당일 투자성향 분석 미완료 고객은 검색결과 리스트를 표시하지 않으며, 투자성향분석이후 확인 가능하다는 노티 제공(투자성향분석 화면으로 이동하도록 처리) > 상세(필터)검색 신규제공 : 예/적금, 신탁형 ISA > 상세(필터)검색 개선 : 펀드, 신탁, ISA ㅇ 예/적금 : 필터 방식 예적금 찾기 기능 신설 > 상품유형(적금/예금), 이자지급방식, 가입기간, 신규금액, 우대금리항목 추가 등 필터 선택방식 적용 - 예적금 공동 검색으로 할지, 예금/적금 분리할지 의사결정 필요 ㅇ 펀드: 펀드 카테고리 내 상품명/키워드(태그) 검색 > 펀드는 종목명 (우선순위 : 펀드명>키워드>종목 편입비중) 검색 가능하도록 구성 > 펀드유형(국내주식형, 해외주식형 등), 테마/지역, 위험등급 등 필터 선택 가능하게 구성 ㅇ 신탁: 신탁 카테고리 내 상품명/키워드(태그) 검색 > 특정금전신탁(ETF/ELS) : 금융상품몰 검색 결과에 특정금전신탁 상품 노출 ㄴ 법률검토 결과: 메인화면에는 노출(X)하지 않으며, 신탁 서브메인에만 노출하도록 구성 ㅇ 유언대용신탁 : 비대면 판매상품 제외 ㅇ ISA : 금융상품몰의 ISA 검색은 신탁형ISA, 일임형ISA 레벨에서 결과를 표시하도록 구성(신탁형ISA, 일임형ISA 상품 1개씩 구성 형태) > 신탁형ISA 내 상품 검색 기능 개발 (계정계 상품 연동 고려해야 하며 가능 여부 개발검토 후 별도 협의 예정) : ~5/27(임미정과장) ㄴ 상품가입/운용지시 시 세부검색 기능 제공 > 일임형ISA 내 상품 검색은 이미 개발되어 있으며 그대로 적용 ㅇ 퇴직연금: 퇴직연금 카테고리 내 상품명/키워드(태그) 검색 (상품운용지시 또는 상품변경 화면) > 금융상품몰 메인 검색에서는 IRP 껍데기(?) 검색 > 상품검색시 IRP '껍데기' 표시를 위한 어드민 기능 개발(상품검색용) | K5: 스타뱅킹2부_biz | Q5: KB스타뱅킹 금융상품몰 개편_회의록_요구사항분석_신탁, ISA_20220512.docx KB스타뱅킹 금융상품몰 개편_회의록_요구사항분석_스타뱅킹3부리뷰_20220525.docx
A6: Biz-002 | B6: 상품탐색 | C6: 기능 | E6: 신규 | F6: 구축요건정의서 | G6: BFE-20002 | H6: 상품 카테고리 정비 | I6: - 금융상품몰 內 상품 카테고리명 및 순서 사용자 중심 개선 ㅇ 카테고리 변경에 따라 통합어드민>마케팅>상품게시관리>금융상품 서브메인(스타뱅킹)의 카테고리도 변경 대응 필요 ㅇ 화면 크기로 인하여 스뱅은 스뱅에서만 판매하는 상품만 노출(스뱅, 인뱅 상이) ㅇ 개인화(사용자) 기준 순서 변경 기능 제공 - 사용률, 페이지뷰 낮은 카테고리/배너 통합 또는 삭제 - 향후 계열사 및 외부 상품 확장 가능성을 고려하여 상품 카테고리 관리 기능(상품관리 아님) 설계 | K6: 스타뱅킹2부_biz | Q6: KB스타뱅킹 금융상품몰 개편_회의록_요구사항분석_신탁, ISA_20220512.docx KB스타뱅킹 금융상품몰 개편_회의록_요구사항분석_청약_20220516.docx
A7: Biz-002 | B7: 상품탐색 | C7: 기능 | E7: 신규 | F7: 구축요건정의서 | G7: BFE-20003 | H7: 데이터 활용 다양화 | I7: - D/W에 적재된 데이터 기반 통계량을 반영한 검색 제공 - 고객의 흥미를 유발할 수 있는 다양한 테마 및 비교군 기획 (테마군에 대해서는 현업 정의 후 전달) : 조건부수용 - 데이터 분석 및 모델링하여 테마별 신규 데이터 D/W 적재 | K7: 스타뱅킹2부_biz | Q7: KB스타뱅킹 금융상품몰 개편_회의록_요구사항분석_신탁, ISA_20220512.docx | T7: 조건부수용
A8: Biz-002 | B8: 상품탐색 | C8: 기능 | E8: 신규 | F8: 구축요건정의서 | G8: BFE-20004 | H8: 명확한 추천사유 제시 | I8: - 상품 추천의 이유를 명확히 설명 ㅇ 가입비율, 혜택, 트렌드 등 관련 데이터 근거 제시 ㅇ 고객 친화적인 용어 및 화법 사용 > 추천사유를 풀어서 친화적 용어 및 화법 사용, 데이터 활용 추천 근기 제시 ㄴ 가입비율, 혜택, 트렌드 등 관련 데이터 근거를 제시하는 내용 표현 (추천사유 예시 : Z세대에게 필수, 똑똑한 직장인이라면 세금혜택도 챙겨야죠, 요즘 트렌드는 전기차) (관련근거 예시 : Z세대 가입 비율, 절세 1년에 최대 얼마, 전기차 검색 그래프 등) > Peer Group 비고, 직업/연령대별 추천/트렌드 반영 등의 추천 이유 설명 ㅇ 추천테마, 추천사유의 데이터 근기 및 상세내용은 데이터분석부 협업 필요(현업) : 조건부수용 > 데이터 제공 방식, 화면 구현 방안 등 유관부서 세부 협의 필요 > 데이터분석부에서 추천사유코드 전달하고, 어드민에서 추천사유명 설정 ㄴ 통합어드민 > 뉴스타뱅킹에 관련 기능이 존재함(참고) | K8: 스타뱅킹2부_biz | Q8: KB스타뱅킹 금융상품몰 개편_회의록_요구사항분석_신탁, ISA_20220512.docx KB스타뱅킹 금융상품몰 개편_회의록_요구사항분석_보험_20220513.docx | T8: 조건부수용
A9: Biz-002 | B9: 상품탐색 | C9: 기능 | E9: 신규 | F9: 구축요건정의서 | G9: BFE-20005 | H9: 연관상품 추천 | I9: -개별 상품정보 화면 內 연관상품 추천 제공 ㅇ 해당상품 가입자들이 많이 가입한 또 다른 상품 ㅇ 동일테마에 해당하는 유사상품 ㅇ 연관상품 제공 카테고리: 수신, 여신, 펀드, 신탁, ISA, 청약, 외화예금, 퇴직연금, 보험, 골드투자통장 ㅇ 비예금 상품(투자성 상품)의 경우 투자성향분석 유무에 따라 노출 필요 > 투자성향분석 유무에 대한 케이스 정리 후 반영 ㅇ 추천상품 수 : 2~3개 정도 노출 (화면 구성 후 적정 숫자 결정) ㅇ 연관상품 추천은 당행 상품만 진행 | K9: 스타뱅킹2부_biz | Q9: KB스타뱅킹 금융상품몰 개편_회의록_요구사항분석_공통,수신,여신_20220511.docx KB스타뱅킹 금융상품몰 개편_회의록_요구사항분석_펀드_20220512.docx KB스타뱅킹 금융상품몰 개편_회의록_요구사항분석_신탁, ISA_20220512.docx
A10: Biz-002 | B10: 상품탐색 | C10: 기능 | E10: 신규 | F10: 구축요건정의서 | G10: BFE-20006 | H10: 상품가입 이어가기주) 개선 | I10: - 전체 상품 카테고리로 범위 확대 - 개인화 및 시인성 개선 ㅇ ‘간편신규’, ‘가입진행중’, ‘장바구니’에 해당하는 고객이 진입한경우 명확하게노출(이어가기 대상상품 없을 경우에는 미노출) ㅇ 메뉴(서비스)명 직관적으로 변경 - 상품정보 공유하기 알림 포맷 개선 ㅇ 공유상품의 특징 및 마케팅 포인트 공유정보에 포함 ㅇ SNS 알림에 적합한 이미지 및 문구 사용 ※ 주) 상품가입 / 이어가기 등 공통성 메뉴 1. 장바구니, 2. 영업점 전송, 3. 가입진행중, 4. 간편신규, 5. 공유하기 - 가입 프로세스 중 이어가기 임시저장 (기술검토 후 반영여부 결정 예정) ㅇ [As-is] 임시저장 버튼 클릭 시 저장 - 장바구니의 상품에 대해 일정기간 저장 후 삭제 기능 개발 | K10: 스타뱅킹2부_biz | Q10: KB스타뱅킹 금융상품몰 개편_회의록_요구사항분석_공통,수신,여신_20220511.docx KB스타뱅킹 금융상품몰 개편_회의록_요구사항분석_신탁, ISA_20220512.docx KB스타뱅킹 금융상품몰 개편_회의록_요구사항분석_펀드_20220512.docx KB스타뱅킹 금융상품몰 개편_회의록_요구사항분석_퇴직연금_20220513.docx KB스타뱅킹 금융상품몰 개편_회의록_요구사항분석_보험_20220513.docx KB스타뱅킹 금융상품몰 개편_회의록_요구사항분석_청약_20220516.docx
A11: Biz-002 | B11: 상품탐색 | C11: 기능 | E11: 신규 | F11: 구축요건정의서 | G11: BFE-20007 | H11: 상품탐색 히스토리 관리 | I11: -최근 조회(상품상세정보)한 상품 리스트 자동 저장 ㅇ 타임라인 형태로 리스트 표출(상품명, 검색일시 표시) ㅇ 타임라인 표시 조회 기준 : 상품상세정보 페이지 조회 기준 ㅇ 리스트 선택 시 해당상품 상세페이지로 이동 ※ 투자상품은 당일 투자성향분석 선행 후 가입가능 상품만 상세페이지로 이동 ㅇ 가입 종료 상품 표시(비활성화 처리 등) ㅇ 노출 상품개수는 최근 20개(성능 감안하여 조정 가능) ㅇ 타임라인 데이터는 앱내 저장 | K11: 스타뱅킹2부_biz
A12: Biz-002 | B12: 상품탐색 | C12: 기능 | E12: 신규 | F12: 구축요건정의서 | G12: BFE-20008 | H12: 상품비교 | I12: -2개 상품의 주요특징 비교 기능 제공 ㅇ 상품 카테고리별 비교 항목 설정 | K12: 스타뱅킹2부_biz | Q12: KB스타뱅킹 금융상품몰 개편_회의록_요구사항분석_신탁, ISA_20220512.docx KB스타뱅킹 금융상품몰 개편_회의록_요구사항분석_펀드_20220512.docx KB스타뱅킹 금융상품몰 개편_회의록_요구사항분석_퇴직연금_20220513.docx KB스타뱅킹 금융상품몰 개편_회의록_요구사항분석_보험_20220513.docx
A13: Biz-003 | B13: 상품조회 | C13: 기능 | E13: 신규 | F13: 구축요건정의서 | G13: BFE-30001 | H13: 혜택 시뮬레이션 | I13: - 우대금리 혜택 시뮬레이션 제공 ㅇ 개인화 우대금리 요소 반영한 금리 안내 ㅇ 우대금리 혜택 시뮬레이션 적용 카테고리 : 수신상품만 적용 (여신은 제외) ㅇ 모든 우대금리 조회 : 우대금리는 일반적으로 만기 시점에 달성되어 대부분 달성 안 된 경우가 많으니 해당 내용 고려하여 적용 ㅇ 우대금리, 일부 상품군에서는 상품 안내(목록, 상세 등) 화면에서도 노출 - 상품계산기를 개별상품 콘텐츠 내 배치 ㅇ 해당상품에 대한 기본정보 디폴트 세팅 후 계산 가능 - 계산기 추가 개발 및 적용 ㅇ 투자상품 계산기(과거수익률 기반 모의투자값 계산) > 대상상품 : 펀드 (연금저축펀드, MMF 제외) > 인터넷뱅킹에 구현되어있는 펀드 예상 수익률 계산기 개선 적용 (개인뱅킹>금융상품>펀드>펀드 입금/환매/조회>펀드수익률 시뮬레이션) > 상품 상세 화면에 제공 > 계산 기준펀드를 해당 상품으로 자동 세팅 > 상품 내 계산기 표출여부는 어드민에서 관리 - 만기 예상금액 계산기를 상품 상세화면에 제공 (예금, 적금 ㅇ 해당상품에 대한 기본정보 디폴트 세팅 후 계산 > 디폴트 데이터 : 월납입금액, 납입기간, 우대금리(현재 충족된 항목은 체크) > 우대금리는 기간마다 기본이율이 다르므로, 선택된 기간에 맞춰 기본이율이 옵션으로 설정되었으면 함 ㅇ 현재 미충족된 우대금리 항목은 수동으로 체크 가능하도록 구현 (예금, 적금, 대출) ㅇ 결과값 : 적용 금리, 만기예상액, 총납입액, 기본금리/우대금리 반영 이자금액 구분 표시 (예금, 적금) - 상품계산기 ㅇ 예금 > 해당상품에 대한 기본정보 디폴트 세팅 후 계산 ㄴ 디폴트 데이터 : 가입금액, 가입기간, 우대금리(현재 충족된 항목은 체크) ㅇ 적금 > 해당상품에 대한 기본정보 디폴트 세팅 후 계산 ㄴ 디폴트 데이터 : 월납입금액, 납입기간, 우대금리(현재 충족된 항목은 체크) - 혜택 시뮬레이션 ㅇ 펀드 > 펀드 모의투자 시뮬레이션 제공 > 과거수익률 기반(ex. 지난 3년동안 10만원씩 투자했다면 현재 수익률은?) > 인터넷뱅킹의 펀드 수익률시뮬레이셔 기능 참조하여 개발 적용 ㅇ 적금 > 우대금리 혜택 시뮬레이션 제공 > 현재 기준 개인화 우대금리 항목 충족여부 반영한 개인화 금리 시각화 안내 > 현재 미충족 항목의 경우 해당 서비스 신청 페이지 연계 > 구현가능 범위 및 데이터 제공방식 등은 데이터분석부와 협의 필요 : 6/3일까지 확인 후 개발범위 확정 : 조건부수용 | K13: 스타뱅킹2부_biz | Q13: KB스타뱅킹 금융상품몰 개편_회의록_요구사항분석_공통,수신,여신_20220511.docx KB스타뱅킹 금융상품몰 개편_회의록_요구사항분석_펀드_20220512.docx KB스타뱅킹 금융상품몰 개편_회의록_요구사항분석_퇴직연금_20220513.docx | T13: 조건부수용
A14: Biz-003 | B14: 상품조회 | C14: 기능 | E14: 신규 | F14: 구축요건정의서 | G14: BFE-30002 | H14: 금융상품몰 화면 간소화 | I14: - 전체적인 Tone&Manner통일하여 화면 설계 ㅇ 메인/서브메인 화면 및 상품 상세화면 재구성 > 메인화면에 통합검색창 제공 > 메인화면에 이어가기(간편신규/가입진행중/장바구니) 기능 제공 ㄴ 이어가기는 해당사항이 있는 고객에게만 노출 > 핵심/추천상품은 3개 이하 노출 ㅇ 주요정보/부수정보 구분하여 주요정보 중심의 화면 구성 ㅇ 이미지/그래프/애니메이션 적극 활용(텍스트 최소화) - 상품 게시 간소화 ㅇ 핵심상품(3개 이하) 전면 배치 ㅇ 펀드상품 노출방식 개선(동일상품 클래스별 모두 노출하지 않고 대표클래스 상품노출) ㅇ 업무범위 : 수신, 외화예금, 대출, 펀드, 신탁, ISA, 청약, 퇴직연금, 보험, 은행-증권, 카드, 골드투자통장, 골드바/실버바 - 상품 목록에서 '가입하기' 버튼 삭제, 랜딩페이지 일원화 ㅇ [As-Is] (수신, 대출 등) 상품 목록 영역과 '가입하기' 버튼 랜딩페이지 상이 ㅇ [To-Be] '가입하기' 버튼 삭제, 상품 목록 클릭 시 상품 상세 화면으로 랜딩 - 서브메인 구성 : 입출금 / 적금 / 예금 ㅇ 개인화된 추천상품 노출 : 명확한 추천 사유 상단 표시 ㅇ '금융쿠폰', ' 금리우대쿠폰', 관련 이벤트 존재 시 표시 > 금융쿠폰/금리우대쿠폰은 발급 대상자 or 쿠폰 보유자 체크해서 표시 ㅇ 해시태그 노출 > as-is 의 해시태그 항목보다 다양한 최신 트랜드 및 검색어 반영 ㅇ 대표 상품 2~3개 게시 > 한번에 3개 이하로 표출, '더보기' 버튼으로 추가 리스트 표출 > 상품 선택 시 상품 상세 페이지로 연결 - 서브메인 구성 : 대출 ㅇ 금리인하권 관련 내용은 대상자에게만 표출 > [As-is] 금리 인하권 상품이 있을 경우 해당계좌노출, 금리 인하 상품이 없을 경우 ‘금리인하 요구대상 계좌가 없습니다' 노출 > [To-be] 금리 인하권 상품이 있을 경우 해당계좌노출 금리 인하 상품이 없을경우 ‘금리인하 요구대상 계좌가 없습니다' 미노출 ㅇ 배너 추가 : 내게 맞는 대출, 예금담보대출 배너 추가 | K14: 스타뱅킹2부_biz | Q14: KB스타뱅킹 금융상품몰 개편_회의록_요구사항분석_공통,수신,여신_20220511.docx
A15: Biz-003 | B15: 상품조회 | C15: 기능 | E15: 신규 | F15: 구축요건정의서 | G15: BFE-30003 | H15: 앱 이탈 방지 | I15: - IOS 대상폰 상품상제정보 조회 시 앱 외부로 이탈 Case 개선 ㅇ 펀드분석요약/수익률/포트폴리오 분석 관련정보 펀드상품 상세화면에서 iOS 모바일웹으로 이탈하는 오류수정 (펀드상품 상세화면에서 웹(제로인)으로 이탈) ㅇ [To-be] 펀드 상세항목 모두 이탈 없이 스타뱅킹 내에서 조회되도록 개발 ㅇ 보험: iOS에서 PDF뷰어(청약서, 상품설명서. 보험사 URL보내는 경우) 안열리는 현상 오류 수정 | K15: 스타뱅킹2부_biz | Q15: KB스타뱅킹 금융상품몰 개편_회의록_요구사항분석_공통,수신,여신_20220511.docx KB스타뱅킹 금융상품몰 개편_회의록_요구사항분석_보험_20220513.docx KB스타뱅킹 금융상품몰 개편_회의록_요구사항분석_스타뱅킹3부리뷰_20220525.docx
A16: Biz-003 | B16: 상품조회 | C16: 기능 | E16: 신규 | F16: 구축요건정의서 | G16: BFE-30004 | H16: 마케팅 요소 적용 | I16: - 금융상품몰 조회/상품가입 화면에서 개인화된 혜택 연계 제공(금융쿠폰 등) ※ 금융쿠폰 프로세스 구축 완료시 ㅇ 금융쿠폰 관련 기능은 별도 프로젝트 진행하며 개발 후 화면 적용 필요 (적용 관련 별도 협의 필요) : 조건부 수용 > 연관 이벤트 관련 어드민 기능 범위 : 수신, 여신, 펀드, 신탁, ISA, 청약, 외화예금, 퇴직연금, 보험, 골드투자통장 개별 상품 內 > 상품가입 완료 후 금융쿠폰 발급하도록 구현 - 연관 이벤트 조회 및 링크 기능 제공 ㅇ 보험사에서 진행중인 이벤트 있는 경우 스타뱅킹 금융상품 화면에 노출 필요 > 상품목록에서 해당 상품 영역에 '이벤트 진행중' 표시 > 해당상품 상세화면 내 이벤트 내용 안내화면 제공 | K16: 스타뱅킹2부_biz | Q16: KB스타뱅킹 금융상품몰 개편_회의록_요구사항분석_공통,수신,여신_20220511.docx KB스타뱅킹 금융상품몰 개편_회의록_요구사항분석_보험_20220513.docx | T16: 조건부수용
A17: Biz-004 | B17: 콘텐츠 | C17: 기능 | E17: 신규 | F17: 구축요건정의서 | G17: BFE-40001 | H17: 라이브 방송 | I17: - KB스타뱅킹 앱 내 라이브 방송 도입 ㅇ 라이브 방송 콘텐츠가 앱 내에서 재생(실시간 콘텐츠 있을 경우 금융상품몰 메인에 영역 표출) - 금융라이브 메뉴 신설 ㅇ 라이브 예고 안내, 지난 방송 보기, 댓글/후기 조회 ㅇ 라이브 방송 중 실시간 채팅, 연관상품 가입 연계 ㅇ 라이브 방송 참여자수/좋아요수 실시간 표시 - 대고객 서비스 정책 2원화 ㅇ 로그인 고객: 고객정보 연동(이벤트 참여 및 경품추첨대상) ㅇ 비로그인 고객: 라이브 동영상 조회 및 댓글참여 기능 - 라이브 알림 설정 기능(신규) (스뱅1부, 마케팅팀, 현업, IT, 개발팀 논의필요) : 6/10까지 확인 ㅇ Push 시스템 연동하여 알림 제공 ㅇ 라이브 예고편에 대하여 알림신청을 한 사용자 대상으로 push 발송 ㅇ 라이브 예고별 '알림신청' 메뉴를 통해 스타뱅킹 Push 알림 제공 ㅇ Push알림 신청 기능 신설 > 클릭 시 스타뱅킹 Push알림 동의 & '맞춤상품·혜택' 항목 동의가 필요하다는 안내 추가 (알림설정 메뉴 링크) ㅇ Push 발송시간 : 라이브방송 시작 3분 전 발송(유관부서 협의 필요) ㅇ Push 메시지 포함 내용 : 라이브방송 제목, 시작시간 ㅇ Push 메시지 클릭 시 : '금융라이브' 메뉴로 이동 - 지난 라이브 다시보기 기능 제공 ㅇ 화면 표출내용 : 썸네일 이미지, 라이브방송 제목, 누적시청자 수, 방송시간 표시 ㅇ 화면 클릭 시 : 동영상 재생(KB 내부 콘텐츠클라우드센터에 업로드된 파일 재생) ㅇ 영상 내 : 다시보기 영상 내의 이벤트 등이 종료되었음을 자막 또는 팝업 등으로 표시 ㅇ 지난 방송(다시보기)는 원본 동양상 그대로 제공 | K17: 스타뱅킹2부_biz | Q17: KB스타뱅킹 금융상품몰 개편_회의록_요구사항분석_공통,수신,여신_20220511.docx | T17: 6/10까지협의
A18: Biz-004 | B18: 콘텐츠 | C18: 기능 | E18: 신규 | F18: 구축요건정의서 | G18: BFE-40002 | H18: 라이브 방송 관리 | I18: - 라이브 방송 관련 관리 화면 신설 ㅇ 라이브 방송 예고, 지난방송 보기 업로드 등 관리 - 라이브 방송 관련 관리 화면 신설 ㅇ 라이브 방송 예고, 지난방송 보기 업로드 등 관리 - 라이브방송 편성 관리 ㅇ 라이브방송 리스트 등록/변경/조회(라이브방송 구분, 제목, 썸네일 이미지, 방송시간, 상세설명 등) ㅇ 리스트에서 라이브 방송 상태별(예고/지난방송 등)별, 기간별 조회(정렬) - 라이브방송 예고 관리 ㅇ 라이브방송 편성표 리스트에서 예고 표출여부 선택 ㅇ 방송 시작시간 이후에는 예고 미표출로 자동 전환 - 라이브방송 다시보기 관리 ㅇ 라이브방송 종료 시 동영상 파일 업로드(KB 콘텐츠클라우드센터에 업로드 후 어드민에 경로 입력) ㅇ 라이브방송 편성표 리스트에서 다시보기 표출여부 선택 | K18: 스타뱅킹2부_biz | Q18: KB스타뱅킹 금융상품몰 개편_회의록_요구사항분석_공통,수신,여신_20220511.docx
A19: Biz-004 | B19: 콘텐츠 | C19: 기능 | E19: 신규 | F19: 구축요건정의서 | G19: BFE-40003 | H19: 동영상 커스터마이징 고도화 | I19: - KB스타뱅킹 앱 내 동영상 활용 UX/UI 개선 ㅇ 동영상 크기/위치 조정 ㅇ 동영상 세로view 기능 제공 > 레이어팝업 및 Full 화면 모두 세로 뷰 제공 ㅇ 동영상 재생 시 고객이 조회/거래 중인 화면 동시 유지(현재화면에서 이탈하지 않고 동영상 조회 가능) ㅇ 동영상 시청 중 Time-out 되는 현상 개선 ㅇ 동영상 자막 On/Off 기능 제공(청각장애인 고려) > 자막은 화면 내부에 표출하는 방식으로 구현 > 스크린 리더기를 통해 자막내용 읽을 수 있도록 지원 (자막 Off 상태에서도 스크린리더기가 읽을 수 있도록 구현) ㅇ 동영상플레이어에서 레이어 팝업(PIP 기능) 형태로 띄우는 기능 제공 : 조건부 수용(메가존 플레이어 검토 후 범위 조정) > 거래와 동시에 동영상 재생 가능 > 레이어팝업 동영상 위치를 고객이 움직여서 변경(상단/하단) ㅇ 동영상 재생 영역과 거래화면 영역 분할 > 특정 화면의 경우 동영상과 거래화면 프레임 분리 지원 (화면 內 동영상 아이콘 클릭 시 프레임 분할) > 동영상은 상단에 재생하고, 하단 영역에서 거래 진행 가능 ㅇ 동영상 시청 중 타임아웃 현상 개선 > 동영상 재생 중에는 타임아웃 되지 않도록 구현 | K19: 스타뱅킹2부_biz | Q19: KB스타뱅킹 금융상품몰 개편_회의록_요구사항분석_공통,수신,여신_20220511.docx KB스타뱅킹 금융상품몰 개편_회의록_요구사항분석_신탁, ISA_20220512.docx | T19: 조건부수용
A20: Biz-004 | B20: 콘텐츠 | C20: 기능 | E20: 신규 | F20: 구축요건정의서 | G20: BFE-40004 | H20: 상품-콘텐츠 연계 강화 | I20: - 상품과 연관된 뉴스, 콘텐츠, 연관지수, 전문가 칼럼 등 유기적으로 연결 가능한 UI 구현 ㅇ 현재 운영되고 있는 콘텐츠의 링크 연결 | K20: 스타뱅킹2부_biz | Q20: KB스타뱅킹 금융상품몰 개편_회의록_요구사항분석_펀드_20220512.docx
A21: Biz-005 | B21: 상품가입 | C21: 기능 | E21: 신규 | F21: 구축요건정의서 | G21: BFE-50001 | H21: 공통 | I21: - 금융상품 가입 프로세스 슬림화 ㅇ 프로세스 단계/화면별 입력항목 축소, 입력항목 자동포커스(고객 클릭 최소화) ㅇ 상품가입 업무 범위 : 수신, 외화예금, 대출, 펀드, 신탁, ISA, 청약, 퇴직연금, 보험, 골드투자통장(은행-증권, 카드 제외) ㅇ 운용지시 업무 범위 : 퇴직연금(IRP), 연금저축펀드, 신탁형 ISA - 상품관련 조회 등 성능 개선을 위한 DB 튜닝 및 개선 - 금융상품 가입화면에 표준화된 UX/UI 적용 ㅇ 금융상품 별 상이한 가입 프로세스를 표준화하여 적용 ㅇ 필수 입력항목 등 연속 배치 등 UI 개선 ㅇ 입력 후 다음 입력항목에 대한 자동 포커싱 기능 ㅇ 연금저축펀드, 퇴직연금, 신탁형 ISA 등 유사 프로세스 표준화 - 약관/서식 확인 화면 개선 ㅇ 약관동의 UX/UI 표준화 적용(순서, 동의방식 등 표준화) ㅇ 화면 스크롤 필요한 경우 ‘스크롤 다운’ 기능 추가 ㅇ 실행버튼 하단에 고정(전부 읽지 않아도 확인 가능하도록 구성) ㅇ 계약서류 제공 방식 개선 및 통일 [As-is] 공란으로 Default [To-be] 이메일, 알림톡 등으로 Default 제공 ㅇ 고객 동의 및 이해 관련 체크박스 선택 최소화(관련 규제 위배사항 없도록) - ‘뒤로가기’ Navigation 오류 수정 - 투자성향 분석 화면 UX/UI 개선 ㅇ 대상화면 : 투자성향 분석, 투자성향 분석결과 확인, 구속성 확인 ㅇ 기존거래(펀드검색, 펀드가입 등)를 방해하지 않고 연결성 있게, 화면 내 과다한 정보/클릭요소 간소화하여 진입장벽 완화 - 프로젝트 기간 내 법률/제도 등 변경사항에 대한 대응개발 ※ ‘금융소비자보호법’ 비대면 가이드라인 발표(5월), 퇴직연금 디폴트옵션 시행(7월) - 대출서류 제출방식 추가 ㅇ [As-is] 사진촬영 ㅇ [To-be] 사진촬영 + 서류첨부(사진첩 내 사진만 선택) - 투자성향분석 As-Is 화면을 참고하여 UI 적용 ㅇ 인뱅 UI/UX 스타일과 통일성도 고려 - 투자성향 분석 개선 ㅇ(투자상품 공통) 투자성향 분석 화면 UX/UI 개선 ㅇ '①구속성 관련 안내+②금융취약소비자 확인+③투자성향 분석' 한 화면 또는 연속적으로 표출되도록 변경 ㅇ 구속성 및 금융취약소비자 확인은 全 상품 카테고리 합산 1일 1회 표출(기적용) ㅇ 기존거래(펀드검색, 펀드가입 등)를 방해하지 않고 연결성 있게, 화면 내 과다한 정보/클릭요소 간소화 하여 진입정벽 완화(하단팝업 활용, 한문항씩 진행 등 UX/UI검토) - 상품 신규 범위 ㅇ 메뉴>뱅킹>상품가입 ㅇ 신규에 준하는 일부 거래 포함 (대출: 기한연장, IRP/신탁형ISA/연금펀드: 운용지시) | K21: 스타뱅킹2부_biz | Q21: KB스타뱅킹 금융상품몰 개편_회의록_요구사항분석_공통,수신,여신_20220511.docx KB스타뱅킹 금융상품몰 개편_회의록_요구사항분석_신탁, ISA_20220512.docx
A22: Biz-005 | B22: 상품가입 | C22: 기능 | E22: 신규 | F22: 구축요건정의서 | G22: BFE-50002 | H22: 외화예금 | I22: - 원화예금 가입 프로세스 준용하여 가입 프로세스 변경 ㅇ 출금계좌와 동일한 비밀번호 설정 기능은 현재 AS-IS 적용 내용 그대로 반영 | K22: 스타뱅킹2부_biz | Q22: KB스타뱅킹 금융상품몰 개편_회의록_요구사항분석_공통,수신,여신_20220511.docx
A23: Biz-005 | B23: 상품가입 | C23: 기능 | E23: 신규 | F23: 구축요건정의서 | G23: BFE-50003 | H23: 펀드 | I23: - 집합투자증권 핵심(요약) 상품설명서 기능 개선 (펀드/퇴직연금) ㅇ 상품설명서 양식 OZ 형태로 틀만 제공하고 ‘펀드명, 위험등급’은 가변값으로 매핑하여 제공 : (스뱅3부와 별도 협의 : 6/3까지) ㅇ 다운로드 기능 추가 - 연금저축펀드의 모자계좌 가입방법 개선 ㅇ 모계좌, 자계좌 대체 표현 검토 ㅇ 운용비율 % 조정방법 UI 개선 ㅇ 모계좌 개설되지 않은 고객의 경우 모계좌/자계좌 선택 분기 없이 모계좌 신규가입으로 진행 - 골든라이프/라떼계좌 운용계획 확인 (WM상품부 확인 후 결저 : 6/3까지) - 상품정보 tab에서 제로인 데이터를 활용하여 제공 ㅇ 기간수익률 및 추이 그래프 > '기간별 추이 기준 : 1개월, 3개월, 6개월, 1년, 설정이후 ㅇ 기준가, 전일대비 기준가(등락률 포함), 기준가 추이 그래프 ㅇ 편입종목 Top 10 | K23: 스타뱅킹2부_biz | Q23: KB스타뱅킹 금융상품몰 개편_회의록_요구사항분석_펀드_20220512.docx KB스타뱅킹 금융상품몰 개편_회의록_요구사항분석_스타뱅킹3부리뷰_20220525.docx | T23: 6/3까지협의
A24: Biz-005 | B24: 상품가입 | C24: 기능 | E24: 신규 | F24: 구축요건정의서 | G24: BFE-50004 | H24: 신탁 | I24: - 영상통화 예약 후 ‘진행단계’ 확인 가능 화면으로 이동 ㅇ 상품가입 중 AS-IS 영상통화 후 화면이 멈춰있는데 이후 진행단계 화면으로 이동하여 가입이 계속되도록 수정 | K24: 스타뱅킹2부_biz | Q24: KB스타뱅킹 금융상품몰 개편_회의록_요구사항분석_신탁, ISA_20220512.docx
A25: Biz-005 | B25: 상품가입 | C25: 기능 | E25: 신규 | F25: 구축요건정의서 | G25: BFE-50005 | H25: 청약 | I25: - ‘청약거주지’ 항목 CRM주소 연동하여 디폴트로 제공 ㅇ 직접입력 통한 수정 가능 ㅇ '청약거주지' 직접입력 통한 수정 시 고객정보 변경 처리 - 신규가입 시 자동이체일이 약정납입일 이후인 경우 이체시작월을 당월로 세팅하여 신규 진행 ㅇ 신규가입 시 자동이체일 선택 기능 추가 ㅇ 선택한 이체일이 약정납입일 이후인 경우 이체시작월을 당월로 세팅 - 신규가입 완료 후 소득공제 신청거래 연동(소득공제 무주택확인서 제출 누락 방지) | K25: 스타뱅킹2부_biz | Q25: KB스타뱅킹 금융상품몰 개편_회의록_요구사항분석_공통,수신,여신_20220511.docx KB스타뱅킹 금융상품몰 개편_회의록_요구사항분석_청약_20220516.docx
A26: Biz-005 | B26: 상품가입 | C26: 기능 | E26: 신규 | F26: 구축요건정의서 | G26: BFE-50006 | H26: 보험 | I26: - '거래진행 중 오류발생 시 보험사에서 전송받은 에러메시지 고객안내는 AS-IS 그대로 적용 ㅇ 현재 공통오류 메시지가 상세 오류내용 식별 가능하도록 에러코드 세분화하여 맵핑됨 - 전 상품 보험가입 프로세스 표준화 ㅇ 해외납세의무 및 본인확인 절차 추가 - 입력항목 오류 시 오류메시지 표출 후 메인화면으로 이탈현상 개선사항 AS-IS 그대로 적용 ㅇ 화면이탈이 아닌, 해당 입력항목 수정입력 안내로 진행 ㅇ 보험 가입 프로세스에서 에러사항 확인 후 이전화면 아닌 홈으로 이동 | K26: 스타뱅킹2부_biz | Q26: KB스타뱅킹 금융상품몰 개편_회의록_요구사항분석_공통,수신,여신_20220511.docx KB스타뱅킹 금융상품몰 개편_회의록_요구사항분석_보험_20220513.docx
A27: Biz-006 | B27: 상품관리(어드민) | C27: 기능 | E27: 신규 | F27: 구축요건정의서 | G27: BFE-60001 | H27: 모바일용 관리화면 구축 | I27: - ‘모바일 상품 판매관련 관리어드민’ 구축(배치 포함) - KB스타뱅킹 금융상품몰 내 게시되는 상품 카테고리 및 라이브 방송 콘텐츠에 대한 관리 기능 개발 ㅇ 예·적금(외화포함), 대출, 펀드, 신탁(ISA포함), 청약, 퇴직연금, 방카슈랑스, 골드바/실버바 등(추후 확장 가능) ㅇ 신탁형ISA / 일임형ISA 어드민 신규 구축 ㅇ 퇴직연금 : 상품 검색시 IRP '껍데기' 표시를 위한 어드민 기능 개발(상품검색용) ㅇ 보험: 어드민 통한 추천상품 관리 기능 개발 '- 모바일 최적화된 관리화면 구성 ㅇ KB스타뱅킹 금융상품 화면 기준 입력항목/화면 구성 ㅇ 입력항목별 글자수(byte) 제한으로 텍스트 최소화 강제 ※ 펀드 위험등급 등 법적리스크와 관계된 주요정보는 상품팩토리에서 자동으로 불러와 리스크 최소화 ㅇ 모바일 상품 어드민 메뉴 신설(개발/스테이징/운영) > KB스타뱅킹에 표출되는 상품 정보를 별도로 관리하는 어드민 메뉴 별도 신설 (상품정보, 이미지, 동영상, 태그관리 등) > 금리/펀드 위험등급 등은 상품팩토리와 연동 > 결재 요청 시 통합어드민 항목 변경 확인하라는 안내 팝업 표출 ㅇ 펀드 관리자 > 기존 정보(팩토리/現어드민 내 항목&정보) 가져오기 * 동기화 영역(모든 항목 or 항목별) 선택 가능 > 제로인 Data 최대한 활용(수기 입력 최소화) > 상품군별/특징별 대세 선택값 디폴트 처리 > 클래스(동종상품 군) 구분 > 동일상품별(브랜드상품코드 기준) 공통 정보 사용 기본(1회만 등록) > 클래스 추가시 클래스별 차별 항목만 별도 입력 (같은 화면내 관리) > 대표 클래스 설정 기능 > 기준가 등록 ㄴ 기준가 등록여부 선택없이 자동 반영 (팩토리 별도 선택여부 단계 없이 무조건 적용중) > 대량 파일 업로드 기능 개발 > 다건상품정보 수정 엑셀업로드 기능 (현업 정책 검토 확인필요 : 6/3까지) | K27: 스타뱅킹2부_biz | Q27: KB스타뱅킹 금융상품몰 개편_회의록_요구사항분석_펀드_20220512.docx KB스타뱅킹 금융상품몰 개편_회의록_요구사항분석_퇴직연금_20220513.docx KB스타뱅킹 금융상품몰 개편_회의록_요구사항분석_어드민_220520.docx | T27: 6/3까지 협의
A28: Biz-006 | B28: 상품관리(어드민) | C28: 기능 | E28: 신규 | F28: 구축요건정의서 | G28: BFE-60002 | H28: 관리편의성 제고 | I28: - Html 에디터를 통해 일관성 있고 편리한 편집 기능 지원 : 조건부 수용 (HTML 에디터 외에 편리한 편집기능 방법 검토) (텍스트 줄맞춤, 들여쓰기/내어쓰기, 글머리/다단계 등) - 모바일 구현화면 미리보기 ㅇ 미리보기 기능은 개발환경의 제약안에서 구현 ㅇ 미리보기 화면은 상품등록 화면으로 한정 함. ㅇ 화면 미리보기의 경우 작업자 및 결재자 화면에서도 모두 구현되야 하며, 결재재 화면은 '결재함'을 의미한다. ㄴ 결재함 미리 보기 기능은 적용 여부는 개발 및 IT 기술검토 후 진행여부 확정 예정 (IT : 6/3까지) - 작성내용 임시저장/자동저장 기능 제공 ㅇ 임시저장 기능은 [임시저장] 버튼을 누르면 입력 데이터를 임시저장하도록 구현 ㅇ 임시저장한 경우 상품목록에 '임시저장' 상태로 표시, 해당 상품목록 클릭 시 저장 데이터를 불러오도록 구현 - 작성내용 즉시적용 또는 예약적용(날짜 및 시간) 선택 | K28: 스타뱅킹2부_biz | Q28: KB스타뱅킹 금융상품몰 개편_회의록_요구사항분석_어드민_220520.docx | T28: 조건부수용
A29: Biz-006 | B29: 상품관리(어드민) | C29: 기능 | E29: 신규 | F29: 구축요건정의서 | G29: BFE-60003 | H29: 결재관리 | I29: - 권한 및 결재 라인은 기존 어드민과 동일하게 부여(상품정보 관리, 게시 권한 부여된 담당자만 이용 가능) - 결재함 일괄결재 요청/일괄결재 기능 신설 ㅇ 다건의 작업내용 결재함에서 한 번에 결재요청 가능 ㅇ 다건의 작업목록 일괄결재 기능 제공 (현업 재검토 후 구현여부 및 범위 확정 예정 : 6/3까지) > 결재자는 결재함 내 결재 리스트에서 선택하여 결재 > 리스트 선택 시 어드민 수정(신규입력) 항목 표시 및 화면 미리보기 가능 - 결재자가 승인 대기중인 상태에서도 작업자가 작업 가능하도록 구현 | K29: 스타뱅킹2부_biz | Q29: KB스타뱅킹 금융상품몰 개편_회의록_요구사항분석_공통,수신,여신_20220511.docx KB스타뱅킹 금융상품몰 개편_회의록_요구사항분석_어드민_220520.docx | T29: 6/3까지 협의
A30: Biz-006 | B30: 상품관리(어드민) | C30: 기능 | E30: 신규 | F30: 구축요건정의서 | G30: BFE-60004 | H30: 상품태그 관리 | I30: - 태그(키워드) 관리 화면 신설 ㅇ 태그 등록/변경/삭제 > 현재는 각각 상품별로 태그를 수정하도록 되어 있는데 전체를 한번에 수정할 수 있는 기능 필요 ㅇ 태그 관리화면 설계시 상품 또는 카테고리 연결관련 고려하여 개발 ㅇ 태그별 이미지 등록/변경/삭제 ㅇ 등록된 태그와 금융상품 연결 > 각 상품상세 어드민에 등록된 태그 데이터 기준으로 태그별 상품목록 리스트 조회 > 태그별 상품 추가/삭제 가능(상품명/상품코드 조회를 통해 추가/삭제상품 선택) > 태그 관리화면에서 저장한 데이터를 각 상품 상세 태그 항목에 반영 (태그 관리메뉴 등록 정보와 상품상세 內 태그항목 동기화) ㅇ IRP, ISA, 연금저축펀드 등 상품 안에 상품이 들어있는 경우의 태그관리 방식 > 전체 통합검색(메인화면) 시에는 제도상품(껍데기) 상품 태그로 연결 > 상품 카테고리 내 검색 시에는 운용상품 內 태그로 연결 ㅇ 연관태그 등록 | K30: 스타뱅킹2부_biz | Q30: KB스타뱅킹 금융상품몰 개편_회의록_요구사항분석_어드민_220520.docx
A31: Biz-006 | B31: 상품관리(어드민) | C31: 기능 | E31: 신규 | F31: 구축요건정의서 | G31: BFE-60005 | H31: 상품 판매실적 조회 | I31: - KB스타뱅킹 상품별 조회/판매현황 조회 ㅇ 통합 어드민 내 통계화면을 두지 않는 정책에 따라 Mystar단말 또는 데이터시각화 화면에 구현 ㅇ Mystar단말 또는 데이터시각화에 전달할 수 있는 데이터 적재 구현 ㅇ 상품클릭수/가입자수/장바구니(관심상품), 상담 이어가기, 가입진행중 등록현황 조회 ㅇ 상품카테고리별 위 기준으로 정렬 기능 제공 ㅇ 상품별 가입금액/가입좌수 조회 | K31: 스타뱅킹2부_biz | Q31: KB스타뱅킹 금융상품몰 개편_회의록_요구사항분석_어드민_220520.docx
A32: Biz-006 | B32: 상품관리(어드민) | C32: 비기능 | E32: 신규 | F32: 구축요건정의서 | G32: BFE-60006 | H32: 직원용 가이드 | I32: - 화면 內 정보입력 항목 별로 안내문구/예시 등 포함하여 이해도 향상 - 어드민 기능 활용도 제고를 위한 사용자 가이드 제작 및 게시 ㅇ 각 화면별 가이드 파일 제공 | K32: 스타뱅킹2부_biz | Q32: KB스타뱅킹 금융상품몰 개편_회의록_요구사항분석_어드민_220520.docx

Sheet 요구사항명세서
A1: 업무 | B1: 구분 | C1: Biz요건ID | D1: Biz요건명 | E1: 요구사항구분 | F1: 생성단계 | G1: 상태구분 | H1: 출처 | I1: 요구사항ID | J1: 요구사항명 | K1: 기능/비기능요구사항 | L1: 사용자권한요구사항 | M1: 의뢰부서 | N1: 요구사항처리담당팀 | O1: 검토상태 | P1: 검토의견 | Q1: 변경요구사항ID | R1: 변경일 | S1: 근기문서 | T1: 구분
A2: 영업감사 | B2: RAS, C-RAS 위험지수 고도화 | C2: Biz-0001 | D2: RAS위험지수 정교화·고도화 | E2: 비기능 | F2: 요구사항정의 | G2: 신규 | H2: 구축요건정의서 | I2: MDD-00001 | J2: AI 위험모델을 연계한 RAS위험지수의 정교화 | K2: ⚪ AI위험평가결과 연계하여 해당 위험 지수를 참조 하는 형태로 구현 | M2: 감사부(영업감사) | O2: Accepted
A3: 영업감사 | B3: RAS, C-RAS 위험지수 고도화 | C3: Biz-0001 | D3: RAS위험지수 정교화·고도화 | E3: 기능 | F3: 요구사항정의 | G3: 신규 | H3: 구축요건정의서 | I3: MDD-00002 | J3: RAS신규항목(46개) 신설 및 기존항목 개선(상시감사 중복내용 통합 등) | K3: ⚪ RAS 모형 구성에 신규항목 4개 신설, 기존 감사자료 5개 를 추가하고 4개항목은 위험모형에서 제외 하여 위험모형 구축 | M3: 감사부(영업감사) | O3: Accepted
A4: 영업감사 | B4: RAS, C-RAS 위험지수 고도화 | C4: Biz-0001 | D4: RAS위험지수 정교화·고도화 | E4: 기능 | F4: 요구사항정의 | G4: 신규 | H4: 구축요건정의서 | I4: MDD-00003 | J4: 직원별 RAS 위험지수 모형 신설 | K4: ⚪ C-RAS1 위험모형, C-RAS2 위험모형를 이용한 직원별C-RAS3 위험모형 생성(현재 기능 유지) | M4: 감사부(영업감사) | O4: Accepted
A5: 영업감사 | B5: RAS, C-RAS 위험지수 고도화 | C5: Biz-0002 | D5: RAS전산평가 운영 확대 및 항목 신설 | E5: 비기능 | F5: 요구사항정의 | G5: 신규 | H5: 구축요건정의서 | I5: MDD-00004 | J5: RAS전산평가 운영 확대 및 항목 신설 | K5: ⚪ RAS 위험모형을 참조하여 고위험 지점을 추출하여 감사계획 수립에 적극 반영 | M5: 감사부(영업감사) | O5: Accepted
A6: 영업감사 | B6: RAS, C-RAS 위험지수 고도화 | C6: Biz-0003 | D6: C-RAS 정교화·분석기능 강화 | E6: 비기능 | F6: 요구사항정의 | G6: 신규 | H6: 구축요건정의서 | I6: MDD-00005 | J6: AI 위험모델을 연계한 모형 재구성 | K6: ⚪ C-RAS 위험모형과 AI위험평가결과 모형을 연계하여 해당 신규 위험모형을 생성하지 않고 AI위험평결과를 참조 하는 형태로 구현 | M6: 감사부(영업감사) | O6: Accepted
A7: 영업감사 | B7: RAS, C-RAS 위험지수 고도화 | C7: Biz-0004 | D7: 감사자료의 최신화·효율적 관리 | E7: 기능 | F7: 요구사항정의 | G7: 신규 | H7: 구축요건정의서 | I7: MDD-00006 | J7: 이상거래(고위험 업무) 항목 신설 및 형태별 분석 기능 | K7: ⚪ 감사자료 신규 37개 신설하여 감사자료의 확대로 이상거래(고위험 업무) 분석 기능 제공 | M7: 감사부(영업감사) | O7: Accepted | P7: 담당자 : 임경택 감사역 감사자료 10건 개발을 진행하나 해당 프로젝트외로 진행하기로 협의
A8: 영업감사 | B8: RAS, C-RAS 위험지수 고도화 | C8: Biz-0004 | D8: 감사자료의 최신화·효율적 관리 | E8: 기능 | F8: 요구사항정의 | G8: 신규 | H8: 구축요건정의서 | I8: MDD-00007 | J8: 부점별 감사자료 통합 검색기능 제공 | K8: ⚪ 감사자료 신규 37개도 부점별 검색 대상에 포함 되도록 기능 제공 | M8: 감사부(영업감사) | O8: Accepted | P8: 담당자 : 임경택 감사역 감사자료 10건 개발을 진행하나 해당 프로젝트외로 진행하기로 협의
A9: 영업감사 | B9: RAS, C-RAS 위험지수 고도화 | C9: Biz-0004 | D9: 감사자료의 최신화·효율적 관리 | E9: 비기능 | F9: 요구사항정의 | G9: 삭제 | H9: 구축요건정의서 | I9: MDD-00008 | J9: 감사마트DB 활용한 위험·중점 항목의 자동신설 기능 | K9: ⚪ 감사마트DB 활용한 위험·중점 항목의 자동신설 기능 | M9: 감사부(영업감사) | O9: Not Accepted | P9: 담당자: 김보영감사역 요구사항명세서 리뷰 시 삭제하기로 협의 사유 : 실제 영업감사는 감사마트를 활용하지 않으며 위험·중점 항목은 영업점위험평가 시뮬레이션 기능으로 대체하기로 함 | T9: 대면
A10: 영업감사 | B10: 감사계획 수립 자동화 | C10: Biz-0005 | D10: 위험수준 평가 및 대상 영업점 선정 자동화 | E10: 기능 | F10: 요구사항정의 | G10: 신규 | H10: 구축요건정의서 | I10: MDD-00009 | J10: 영업점별 위험수준 평가결과 조회 및 지표 산출 결과를 토대로 예정감사 등록하거나 신규 감사대상점 등록 | K10: ⚪ 위험평가항목 주기적으로 위험수준(RAS) 평가 후 결과를 업데이트 하여 표시 (p47) ⚪ 최초 1회 연간 평가결과를 기준으로 감사계획 자동 등록. 이후 업무 담당자 수정 시 변경가능 ⚪ 감사계획 등록 내역 중 수정이 필요한 대상은 선택 후 직접 수정 가능 (Ex.최근 위험평가 결과 고위험으로 분류된 대상 수정) ⚪ 변경사항 존재 시 등록버튼 클릭하여 내용 반영 (등록 확정 시 ‘감사계획 등록’ 화면과 연계되어 후속 프로세스 수행) ⚪ AI부점위험평가 모델 결과를 반영하여 위험부점여부, 평가점수, 순위, 위험구분 항목 표시 (AI부점위험평가결과 세부내역 협의 후 제공 여부) ⚪ 위험부점여부 클릭시 AI부점위험평가결과의 부점위험 세부항목 조회 팝업 기능 제공 (AI부점위험평가결과 세부내역 협의 후 제공 여부) | M10: 감사부(영업감사) | O10: Accepted | P10: 통합싱시감시시스템에서 AI 위험평가 데이터 연계 가능 시 AI부점 위험평가 결과 개발 예정 | T10: 대면
A11: 영업감사 | B11: 감사계획 수립 자동화 | C11: Biz-0006 | D11: 위험수준 평가 결과에 따라 주기별 감사대상점 추천 | E11: 기능 | F11: 요구사항정의 | G11: 신규 | H11: 구축요건정의서 | I11: MDD-00010 | J11: 직원 RAS위험평가 결과 조회 및 세부내역 확인 | K11: ⚪ 부점/영업그룹 단위 직원별 지수현황/순위 등을 조회할 수 있는 기능 제공 (p56) ⚪ 기준정보 데이터는 배치 수행으로 생성 - 실시간 조회는 되지않음(D-1 데이터) ⚪ 기준년월 달력컨트롤러로 교체 - 현재일자 출력, 비활성 처리 ⚪ 직원번호 검색 조건 추가 - 직원번호로 검색시 해당 직원의 모든 이력 출력 ⚪ 부점 검색 조건을 영업그룹/부점을 영업그룹/PG 로 변경 ⚪ 목록 출력 항목 추가 및 변경 (지역영업그룹 이후에 PG추가, 그룹내순위 다음에 PG별순위 추가, 부점내순위의 위치 PG별순위) ⚪ 위험평가 상세 조회 팝업 중 직원위험 유형분류는 AI직원평가결과 정보 추후 협의 후 결정 ⚪ 직원별 지수 조회는 RAS 정의에 따른 위험지수 결과로 표시 | M11: 감사부(영업감사) | O11: Accepted | T11: 대면
A12: 영업감사 | B12: 감사계획 수립 자동화 | C12: Biz-0006 | D12: 위험수준 평가 결과에 따라 주기별 감사대상점 추천 | E12: 기능 | F12: 요구사항정의 | G12: 신규 | H12: 구축요건정의서 | I12: MDD-00011 | J12: 영업점 위험항목별 수치 입력 및 관리 기능 제공 | K12: ⚪ 연간 위험항목 확정 기능 제공 (p49) - 값 조정에 의한 시뮬레이션은 확정 전까지만 가능 - 확정 이후는 변경하지 못하도록 확정 취소 권한에 대한 정의 필요 (감사부) - 위험산출비율 환산공식제공(감사부 및 시스템운영팀) ⚪ 위험수준 평가 시 항목별 가중치 수정기능 제공 (비율 변경 시 기 등록 내역 일괄 재산출 하도록 추가 기능 제공) ⚪ 항목점수 입력 및 관리를 위한 기능 제공 (p49) - 일괄등록 : 엑셀파일로 전체 영업점 리스트 일괄등록 할 수 있는 기능 제공 (기존 엑셀파일 활용) - 등록 : 영업점 개별 항목 입력 시 사용 - 수정 : 입력 된 내용 수정 시 사용 ⚪ 위험항목 추가 예정(정의 후 전달 예정 (p49) | M12: 감사부(영업감사) | O12: Accepted | T12: 대면
A13: 영업감사 | B13: 감사계획 수립 자동화 | C13: Biz-0007 | D13: 감사대상 영업점 확정시 감사계획 및 감사역 배정 자동화 | E13: 기능 | F13: 요구사항정의 | G13: 신규 | H13: 구축요건정의서 | I13: MDD-00012 | J13: 감사계획 등록 현황 조회 및 내용 수정 / (신규) 감사예정 영업점 계획 자동등록 기능 신설 | K13: ⚪ 영업점별 위험수준 평가결과‘ 화면에서 등록 확정된 대상은 별도의 입력 없이 자동으로 본 화면에서 조회 가능 (p50) ⚪ 배정감사역 추천등록 클릭 시 관련내용 Pop-up하여 지정 / 기존화면에서 배정 후 기 등록내역 표시 ⚪ 배정감사역 추천기준에 따른 일괄 자동등록 기능(감사계획 차수 기준) ⚪ 확정 클릭 시 감사계획 및 감사역 배정이 확정되어 기안문 작성 및 출력 프로세스로 이동 | M13: 감사부(영업감사) | O13: Accepted | T13: 대면
A14: 영업감사 | B14: 감사계획 수립 자동화 | C14: Biz-0007 | D14: 감사대상 영업점 확정시 감사계획 및 감사역 배정 자동화 | E14: 기능 | F14: 요구사항정의 | G14: 신규 | H14: 구축요건정의서 | I14: MDD-00013 | J14: 감사역 배정 정보를 확인하고 변경/등록 / (신규) 감사역 추천 배정 등록기능 신설 | K14: ⚪ 감사역 배정 추천조회 시 추천 배정결과가 해당 칸에 표시되며, 배정등록 시 확정되어 배정현황에 내용 업데이트 (p51) ⚪ 추천대상 영업점 선택 : 해당 차수에 포함된 영업점 전체 or 지정된 영업점만 반영 ⚪ 추천 우선기준 : 우선기준 선택 시 해당 기준에 맞는 알고리즘으로 감사역 배정 추천 - 추천감사역 알고리즘에 항목 추가 요청( 감사부에서 항목정의 후 전달 예정) ⚪ 배정인원 기준 선택 : 최소, 최대 인원 선택시 해당 인원기준에 맞춰 감사역 배정 진행 ⚪ ‘추천조회’ 버튼 클릭 시 감사역 배정 추천 기능 작동 > 2번 화면에 대상 표시 (p51) ⚪ ‘배정등록’ 버튼 클릭 시 추천결과에 표시된 내용이 배정확정 > 감사계획 등록 화면서 확정내용 표시 | M14: 감사부(영업감사) | O14: Accepted | T14: 대면
A15: 영업감사 | B15: 감사계획 수립 자동화 | C15: Biz-0007 | D15: 감사대상 영업점 확정시 감사계획 및 감사역 배정 자동화 | E15: 기능 | F15: 요구사항정의 | G15: 신규 | H15: 구축요건정의서 | I15: MDD-00014 | J15: 등록된 감사계획 관련 정보 조회 | K15: ⚪ 감사계획 등록 화면에서 확정 된 대상들만 본 화면에서 조회됨 (화면연계) (p52) ⚪ 입력 정보를 기반으로 기안문 양식이 자동생성 되며, 파일로 다운로드 가능 (감사계획차수 기준으로 생성) ※ 기안문 양식 별도 제공 필요(감사부) ⚪ 본부장 결재(수기) 완료 대상은 담당자가 계획 확정 처리하여 다음 프로세스로 진행 | M15: 감사부(영업감사) | O15: Accepted | T15: 대면
A16: 영업감사 | B16: 감사계획 수립 자동화 | C16: Biz-0007 | D16: 감사대상 영업점 확정시 감사계획 및 감사역 배정 자동화 | E16: 기능 | F16: 요구사항정의 | G16: 신규 | H16: 구축요건정의서 | I16: MDD-00015 | J16: 감사계획에 따른 감사건별 감사역 배정현황 조회 및 내용 수정 기능 제공 | K16: ⚪ 감사역 배정등록 시 동일한 감사기간 중 감사역이 이중 배정될 경우 팝업 안내 표시 (p53) ⚪ 감사역 배정등록 알림 팝업 표출 요건은 같은년도 같은 차수에 배정될경우 ⚪ 기 배정내용을 변경하시려면 확인버튼을 눌러주세요 문구 삭제 ⚪ 확인, 취소 버튼 삭제 및 닫기 버튼 추가 | M16: 감사부(영업감사) | O16: Accepted | T16: 대면
A17: 영업감사 | B17: 감사계획 수립 자동화 | C17: Biz-0007 | D17: 감사대상 영업점 확정시 감사계획 및 감사역 배정 자동화 | E17: 기능 | F17: 요구사항정의 | G17: 신규 | H17: 회의록 | I17: MDD-00016 | J17: 감사역 배정 시 활용되는 참고사항 등록·관리 | K17: ⚪ 목록 또는 팝업에서 기피등록건수 클릭시 기피대상 목록을 출력하는 기능 지원(p59) ⚪ 검색조건(Default:소속직원 전체) : 대상직원, 담당업무, 담당지역 ⚪ 조회결과 목록에서 특정 목록 더블클릭 시 상세보기 Pop-up - 기본정보(인사DB 연동) : 감사역, 직책, 감사부 전입일자, 업무경력 - 입력정보 : 순서, 담당업무, 담당지역 - 연계정보 : 기피등록건수 – 감사업무 기피대상 관리 및 감사배정현황(감사계획에서 담당 감사역 배정되었을 경우 해당 감사종류 표시) ⚪ 등록버튼 클릭 시 직원별 참고사항 입력 가능(입력 세부항목은 현업 확정 필요) ⚪ 조회결과 그리드의 "기피등록건수" 항목 클릭시기피대상 목록을 출력하는 기능 지원 | M17: 감사부(영업감사) | O17: Accepted | S17: 20241113_감사정보시스템 고도화 및 클라우드 전환 구축_영업감사_2.docx | T17: 대면
A18: 영업감사 | B18: 영업점 감사자료 포탈 | C18: Biz-0008 | D18: 영업점 현황과 위험수준 등을 종합적으로 제공 | E18: 기능 | F18: 요구사항정의 | G18: 신규 | H18: 구축요건정의서 | I18: MDD-00017 | J18: 임점 대상 부서의 현황 조회 | K18: ⚪ 부점정보 조회시 해당기간 PG장 정보 추가 (p42) | M18: 감사부(영업감사) | O18: Accepted | T18: 대면
A19: 영업감사 | B19: 영업점 감사자료 포탈 | C19: Biz-0008 | D19: 영업점 현황과 위험수준 등을 종합적으로 제공 | E19: 기능 | F19: 요구사항정의 | G19: 신규 | H19: 구축요건정의서 | I19: MDD-00018 | J19: 영업감사 진행 시 감사역들이 감사일보를 작성하고 관리하는 화면 | K19: ⚪ 알림기능 추가 > Daily 체크, 16시기준 감사일보 미작성(N) 감사역에게 workB를 통한 쪽지 알림 발송(p43) ⚪ 조회 결과 항목에 감사일지작성여부 추가 | M19: 감사부(영업감사) | O19: Accepted | T19: 대면
A20: 영업감사 | B20: 영업점 감사자료 포탈 | C20: Biz-0008 | D20: 영업점 현황과 위험수준 등을 종합적으로 제공 | E20: 기능 | F20: 요구사항정의 | G20: 신규 | H20: 구축요건정의서 | I20: MDD-00019 | J20: 감사 완료 후 감사결과 및 지적사항을 간략하게 기재 | K20: ⚪ 감사조서 내용 작성 시 자동 줄 맞추 기능은 현재 구현이 어려워서 다른 방안 강구 후 추가 협의 예정 (p44) - 감사조서 입력 항목에 세로로 위치 맞춤선 제공 제안 ⚪ 감사조서 작성 예시 전달 예정(표준화 방안 강구) | M20: 감사부(영업감사) | O20: Accepted | T20: 대면
A21: 영업감사 | B21: 영업점 감사자료 포탈 | C21: Biz-0008 | D21: 영업점 현황과 위험수준 등을 종합적으로 제공 | E21: 기능 | F21: 요구사항정의 | G21: 신규 | H21: 구축요건정의서 | I21: MDD-00020 | J21: 감사 완료 후 해당 영업점의 종합감사 결과 및 점검현황, 강평 등의 내용을 보고서 형태로 제공 | K21: ⚪ 부점별 위험 유형분석 결과요약 항목 AI위험분석결과 협의 후 전체 Layout 추가 협의(p45) ⚪ 감사 지적 현황 및 KPI감점 현황, RAS 전산평가 현황 등 기 적재 데이터를 활용하여 보고서 형식으로 화면 출력 ⚪ 조회 결과 항목 보고서 출력 기능 제공(보고서 양식 감사부에서 전달) ⚪ Layout 전달 예정 | M21: 감사부(영업감사) | O21: Accepted | T21: 대면
A22: 영업감사 | B22: 영업점 감사자료 포탈 | C22: Biz-0008 | D22: 영업점 현황과 위험수준 등을 종합적으로 제공 | E22: 비기능 | F22: 요구사항정의 | G22: 신규 | H22: 구축요건정의서 | I22: MDD-00021 | J22: 감사를 위한 항목별 부점 자료 조회 (내부통제 업무 관련) | K22: ⚪ 감사자료 출력 시 원천데이터 값 정합성 확보 ⚪ 영업감사 감사자료는 ASIS기능 유지(p46) | M22: 감사부(영업감사) | O22: Accepted | T22: 대면
A23: 영업감사 | B23: 영업점 감사자료 포탈 | C23: Biz-0008 | D23: 영업점 현황과 위험수준 등을 종합적으로 제공 | E23: 기능 | F23: 요구사항정의 | G23: 신규 | H23: 회의록 | I23: MDD-00022 | J23: 테마감사 대쉬보드 | K23: ⚪ 점검항목 1. 생활안정자금, 2.전세자금대출, 3. 신용대출 주택추가매수 항목 삭제 그외 항목 유지(p54) | M23: 감사부(영업감사) | O23: Accepted | S23: 20241113_감사정보시스템 고도화 및 클라우드 전환 구축_영업감사_2.docx | T23: 대면
A24: 영업감사 | B24: 영업점 감사자료 포탈 | C24: Biz-0008 | D24: 영업점 현황과 위험수준 등을 종합적으로 제공 | E24: 기능 | F24: 요구사항정의 | G24: 신규 | H24: 구축요건정의서 | I24: MDD-00023 | J24: 사전감사를 위한 부점현황과 점검항목, 특이정보, 참고사항 등 관련 정보를 종합제공 | K24: ⚪ 영업점 사전감사 시 필요한 주요정보들을 통합하여 한 화면에서 조회 가능하도록 변경(p58) ⚪ AI부점 위험평가 결과(Y/N)으로 받아온 결과를 화면에 표시(AI직원평가결과 정보 추후 협의 후 결정) ⚪ 조회결과 그리드 "감사종류" 항목의 테마감사의 팝업지원 필요 여부 확인(감사부) ⚪ 조회결과 그리드 "내부통제" 항목의 테마감사 이외의 항목 클릭시 감사결과보고서 팝업 출력 여부확인 ⚪ 테마감사일 경우 해당년도 해당 부점의 관련부점과 동일한 지점 리스트 출력 | M24: 감사부(영업감사) | O24: Accepted | P24: 통합싱시감시시스템에서 AI 위험평가 데이터 연계 가능 시 AI부점 위험평가 결과 개발 예정 | T24: 대면
A25: 영업감사 | B25: 영업점 감사자료 포탈 | C25: Biz-0008 | D25: 영업점 현황과 위험수준 등을 종합적으로 제공 | E25: 기능 | F25: 요구사항정의 | G25: 신규 | H25: 회의록 | I25: MDD-00024 | J25: 영업감사 현황을 확인할 수 있는 대시보드 | K25: ⚪ 영업감사 현황을 한번에 조회할 수 있는 대시보드 제공 (각 대시보드 종류별 상세내용은 후속페이지 참조)(p61, p62) ⚪ 위험평가별 현황 도표는 RAS기준(YYYY-1 기준) ⚪ 지역별 실시현황 도표는 화면에 맞추어 조정하며 클릭시 큰화면의 팝업 제공(영업감사> 메인의 감사진행 대시보드 기준으로 구현 ⚪ 업무별 현황 도표는 지적사항 기준으로 수신/여신 외의 기타 항목으로 출력 ⚪ 감사실시현황 p62 참조 ⚪ 지역별 실시현황은 기존 감사정보시스템에서 사용중인 지역지도 템플릿을 활용 기능 제공( p63 참조) ⚪ 감사지적현황 조회년도 기준으로 등록된 지적건수를 표시(p64 참조) ⚪ 지적 소분류*에 등록된 코드를 기준으로 업무별 지적내역을 표시(p65 참조) - 지적사항 다건 존재 시 스크롤로 표시하거나, 지적건수 기준 업무별 상위 Top5만 선별하여 표시하는 방식으로 구현 | M25: 감사부(영업감사) | O25: Accepted | S25: 20241113_감사정보시스템 고도화 및 클라우드 전환 구축_영업감사_2.docx | T25: 대면
A26: 영업감사 | B26: 기업여신 현황 관련 기능 개선 | C26: Biz-0009 | D26: 기업여신 현황 관련 기능 개선 | E26: 기능 | F26: 요구사항정의 | G26: 신규 | H26: 구축요건정의서 | I26: MDD-00025 | J26: 기존 감사자료(여신) 항목별 조회 자료를 ‘차주’ 단위에서 일괄로 조회할 수 있도록 기능제공 | K26: ⚪ 기업여신명세 화면 조회시 차주별로 선정된 모든 항목을 전반적으로 조회가능(P57) ⚪ 화면 조회 구분값은 현업담당자와 협의 후 확정 필요 ⚪ 리스트에 표시된 항목 클릭시 개별 세부내역 조회할 수 있도록 링크 (기존 ‘감사자료(여신)’ 각 항목 번호와 연계) ⚪ 항목 중 하나라도 조건에 해당하는 경우 목록에 표기됨 ⚪ 일 기준 판단기준이 있더라도 월중 한번의 조건에 만족하면 표기됨 ⚪ 기준정보 데이터는 배치 수행으로 생성 - 실시간 조회는 되지않음(D-1 데이터) ⚪ 차주는 관리점기준 | M26: 감사부(영업감사) | O26: Accepted | T26: 대면
A27: 영업감사 | B27: 영업감사 기타 | C27: Biz-0010 | D27: 기타 | E27: 기능 | F27: 요구사항정의 | G27: 신규 | H27: 회의록 | I27: MDD-00026 | J27: AI위험평가결과 직원위험조회 | K27: ⚪ 통합상시감사시스템에서 월별로 산출되는 AI직원위험평가 결과를 연계하여 조회하는 화면 (본 내용은 모듈2 AI위험평가결과 요건과 화면기능을 동일하게 승계함)(P175) ⚪ 조회하는 직원의 기본정보 표시 ⚪ 연계되는 정보를 화면에 표시 (조회형식/UI는 원천시스템과 동일하게 구현) ⚪ 감사지원 항목을 영업감사 항목으로 메뉴및 기능 재조정 정의(감사부) ⚪ AI 위험평가결과 연계 협의 하여 구현 여부 확인 ⚪ 영업감사로 위치 이동 | M27: 감사부(영업감사) | O27: Accepted | S27: 20241113_감사정보시스템 고도화 및 클라우드 전환 구축_영업감사_2.docx | T27: 대면
A28: 영업감사 | B28: 영업감사 기타 | C28: Biz-0010 | D28: 기타 | E28: 기능 | F28: 요구사항정의 | G28: 신규 | H28: 회의록 | I28: MDD-00027 | J28: AI위험평가결과 부점위험조회 | K28: ⚪ 통합상시감사시스템에서 월별로 산출되는 AI부점위험평가 결과를 연계하여 조회하는 화면 (본 내용은 모듈2 AI위험평가결과 요건과 화면기능을 동일하게 승계함)(P176) ⚪ 연계되는 정보를 화면에 표시 (조회형식/UI는 원천시스템과 동일하게 구현) ⚪ 감사지원 항목을 영업감사 항목으로 메뉴및 기능 재조정 정의(감사부)) ⚪ AI 위험평가결과 연계 협의 하여 구현 여부 확인 ⚪ 영업감사로 위치 이동 | M28: 감사부(영업감사) | O28: Accepted | S28: 20241113_감사정보시스템 고도화 및 클라우드 전환 구축_영업감사_2.docx | T28: 대면
A29: 영업감사 | B29: 영업감사 기타 | C29: Biz-0010 | D29: 기타 | E29: 기능 | F29: 요구사항정의 | G29: 신규 | H29: 회의록 | I29: MDD-00028 | J29: AI위험평가결과 부점위험조회(월별) | K29: ⚪ AI부점위험평가결과 연계하여 월말 기준 전체 부점 평가결과를 적재함 (월별 적재) (P177) - 적재대상 : 매월 말 AI부점위험평가 결과로 산출된 데이터 ⚪ 각 월별 AI부점위험평가를 표시하며, 고위험으로 평가된 항목은 붉은색으로 별도 표시 ⚪ 영업감사로 위치 이동 | M29: 감사부(영업감사) | O29: Accepted | S29: 20241113_감사정보시스템 고도화 및 클라우드 전환 구축_영업감사_2.docx | T29: 대면
A30: 영업감사 | B30: 영업감사 기타 | C30: Biz-0010 | D30: 기타 | E30: 기능 | F30: 요구사항정의 | G30: 신규 | H30: 회의록 | I30: MDD-00029 | J30: AI위험평가 결과 및 현황을 볼 수 있는 대시보드 기능 제공 | K30: ⚪ AI위험평가결과 연계하여 월말 기준 현황을 대시보드 형태로 제공(p178~p179) ⚪ 지역그룹별 위험직원 현황 – 지역그룹별 고위험직원으로 평가된 인력 수를 전월/당월로 분류하여 표시 ⚪ 위험직원 세부현황 – 평가월 기준 AI모델 분류값에 따른 세부내역을 그래프 형태로 표기 (세부항목은 모듈2 모델에 따라 변동 가능) ⚪ 지역그룹별 위험부점 현황 – AI부점위험평가 결과를 기준으로 각 지역그룹별 위험대상 ‘Y’인 부점개수를 집계 후 표시 (위험부점 숫자가 많은 그룹으로 순위 표시) ⚪ 조회년도의 전행 위험부점 개수를 월별로 집계하여 표시 (월별 변화율 별도 표시) ⚪ 본 화면은 미확정 요구사항으로 실제 구축단계에서 요건 확정하여 반영 필요 ⚪ 대시보드에서 지역그룹 단위 클릭시 별도 당월 위험부점으로 평가된 개별 부점을 조회할 수 있는 팝업창이 출력되며, 상세결과는 부점위험조회 화면으로 링크하여 상세내역을 직접 조회할 수 있도록 기능 제공 ⚪ 영업감사로 위치 이동 | M30: 감사부(영업감사) | O30: Accepted | S30: 20241113_감사정보시스템 고도화 및 클라우드 전환 구축_영업감사_2.docx | T30: 대면
A31: 영업감사 | B31: 영업감사 기타 | C31: Biz-0010 | D31: 기타 | E31: 기능 | F31: 요구사항정의 | G31: 신규 | H31: 회의록 | I31: MDD-00030 | J31: 부책감사 결과 등록 (심의 대상에 대한 세부 내용 및 관련 지적사항 입력) | K31: ⚪ 상시감사 지적사항으로 기 등록된 내용이 존재할 경우 관련 정보를 연계하여 화면에 표시(p55) - 상시감사>지적사항조회>영업점상시감사>교육사항 정보조회]의 계좌번호 같은 경우 ⚪ 기존 감사정보시스템에서 보유중인 내역 조회 추후 통합상시감사와 연계 ⚪ 내역조회 버튼 클릭시 출력되는 내용이 다양해 형식에 구애받지않고 내용출력(준법추진부와 협의 필요) | M31: 감사부(영업감사) | O31: Accepted | S31: 20241113_감사정보시스템 고도화 및 클라우드 전환 구축_영업감사_2.docx | T31: 대면
A32: 영업감사 | B32: 영업감사 기타 | C32: Biz-0010 | D32: 기타 | E32: 기능 | F32: 요구사항정의 | G32: 신규 | H32: 회의록 | I32: MDD-00031 | J32: 각 분기별 정기부책 실시 시 현황정보를 입력/조회 할 수 있는 기능 제공 | K32: ⚪ 정기부책 분기별 실시 내용을 등록하고 조회할 수 있는 기능 제공(p60) ⚪ (조회) 감사년도 및 분기 단위로 조건값을 지정하여 조회 가능 ⚪ 조회조건에 따라 표시된 항목별로 계좌수, 금액을 입력 할 수 있으며, 값 입력 후 저장을 눌러 데이터를 반영할 수 있음 - 계좌수(좌) 및 금액(백만원) 항목에 데이터 미입력 시 기본값 0 ⚪ 부책감사 현황(계좌수) 차트 제외 | M32: 감사부(영업감사) | O32: Accepted | S32: 20241113_감사정보시스템 고도화 및 클라우드 전환 구축_영업감사_2.docx | T32: 대면
A33: 본부감사 | B33: 디지털 내부통제 점검기능 강화 | C33: Biz-0011 | D33: 본부부서 디지털 내부통제 구축 | E33: 기능 | F33: 요구사항정의 | G33: 신규 | H33: 구축요건정의서 | I33: MDD-00032 | J33: 본부 디지털 내부통제 점검 체크리스트 항목 관리 | K33: ⚪ 본부 부서 디지털 내부통제 점검을 위해 기 선정된 주요 점검항목에 대한 현황을 조회하고 점검대상 존재 시 세부내역을 확인할 수 있도록 기능 제공(p88~p89) ⚪ 등록버튼은 시스템운영팀(IT)만 사용 가능하도록 권한 부여(점검항목 등록 후 데이터 연계 해야 하기 때문) | M33: 감사부(본점감사) | O33: Accepted | T33: 대면
A34: 본부감사 | B34: 디지털 내부통제 점검기능 강화 | C34: Biz-0011 | D34: 본부부서 디지털 내부통제 구축 | E34: 기능 | F34: 요구사항정의 | G34: 신규 | H34: 구축요건정의서 | I34: MDD-00033 | J34: 본부 디지털 내부통제 점검 체크리스트 항목별 세부 현황 조회 | K34: ⚪ 본부 부서 디지털 내부통제 점검을 위해 기 선정된 주요 점검항목에 대한 현황을 조회하고 점검대상 존재 시 세부내역을 확인할 수 있도록 기능 제공(p90~p91) ⚪ 조회조건에 점검항목 목록 추가 점검항목 선택시 검색조건 기준년월일을 점검주기에 따라 일 월로 변경 ⚪ 점검항목 상세보기를 팝업으로 구현 할지 아니면 점검항목별 메뉴로 별도 구현 할지 추후 정의하여 화면 기능 구현 | M34: 감사부(본점감사) | O34: Accepted | T34: 대면
A35: 본부감사 | B35: 디지털 내부통제 점검기능 강화 | C35: Biz-0011 | D35: 본부부서 디지털 내부통제 구축 | E35: 기능 | F35: 요구사항정의 | G35: 신규 | H35: 구축요건정의서 | I35: MDD-00034 | J35: 내부통제점검 체크리스트 항목별 현황조회 (법적서류 점검) | K35: ⚪ 법적서류 사무분담 지정현황 조회용 화면(p92) ⚪ 조회조건 – 부서 : 부점별 또는 전체부서 조회 가능, 조회기준일 : 현재일자 고정 ⚪ 조회기준 – 부점별 : 직원 사무분담내용에 ‘법적서류’가 포함된 직원을 표시 ⚪ 점검항목 상세보기를 팝업으로 구현 할지 아니면 점검항목별 메뉴로 별도 구현 할지 추후 정의하여 화면 기능 구현 | M35: 감사부(본점감사) | O35: Accepted | T35: 대면
A36: 본부감사 | B36: 디지털 내부통제 점검기능 강화 | C36: Biz-0011 | D36: 본부부서 디지털 내부통제 구축 | E36: 기능 | F36: 요구사항정의 | G36: 신규 | H36: 구축요건정의서 | I36: MDD-00035 | J36: 내부통제점검 체크리스트 항목별 현황조회 (법적서류 점검) | K36: ⚪ 법적서류 재고현황 조회용 화면(p93) ⚪ 조회조건 – 부서 : 부점별 또는 전체부서 조회 가능, 조회기준일 : 현재일자 고정 ⚪ 조회기준 – 부점별 : 인감서류 보유현황 표시 / 재고수량, 인수예정수량 존재시 클릭하여 세부내용 조회 가능 ⚪ 점검항목 상세보기를 팝업으로 구현 할지 아니면 점검항목별 메뉴로 별도 구현 할지 추후 정의하여 화면 기능 구현 | M36: 감사부(본점감사) | O36: Accepted | T36: 대면
A37: 본부감사 | B37: 디지털 내부통제 점검기능 강화 | C37: Biz-0011 | D37: 본부부서 디지털 내부통제 구축 | E37: 기능 | F37: 요구사항정의 | G37: 신규 | H37: 구축요건정의서 | I37: MDD-00036 | J37: 내부통제점검 체크리스트 항목별 현황조회 (법적서류 점검) | K37: ⚪ 부점별 법적서류 교부/폐기 현황 조회용 화면(p94) ⚪ 조회조건 – 부서 : 부점별 또는 전체부서 조회 가능, 조회기준일 : 현재일자 고정, 조회구분 : 전체/교부/일반폐기 ⚪ 조회기준 – 부점별 : 법적서류 보유현황 상세내역을 표기 (경영정보시스템 데이터 연계) ⚪ 점검항목 상세보기를 팝업으로 구현 할지 아니면 점검항목별 메뉴로 별도 구현 할지 추후 정의하여 화면 기능 구현 | M37: 감사부(본점감사) | O37: Accepted | T37: 대면
A38: 본부감사 | B38: 디지털 내부통제 점검기능 강화 | C38: Biz-0011 | D38: 본부부서 디지털 내부통제 구축 | E38: 기능 | F38: 요구사항정의 | G38: 신규 | H38: 구축요건정의서 | I38: MDD-00037 | J38: 내부통제점검 체크리스트 항목별 현황조회 (인장날인 점검) | K38: ⚪ 인장날인 사무분담 지정현황 조회용 화면(p95) ⚪ 조회조건 – 부서 : 부점별 또는 전체부서 조회 가능, 조회기준일 : 현재일자 고정) ⚪ 조회기준 – 부점별 : 직원 사무분담내용에 ‘인장관리’, ‘인장입회’가 포함된 직원을 표시 (부서별 등록현황에 따라 표시정보 중복 가능) ⚪ 점검항목 상세보기를 팝업으로 구현 할지 아니면 점검항목별 메뉴로 별도 구현 할지 추후 정의하여 화면 기능 구현 | M38: 감사부(본점감사) | O38: Accepted | T38: 대면
A39: 본부감사 | B39: 디지털 내부통제 점검기능 강화 | C39: Biz-0011 | D39: 본부부서 디지털 내부통제 구축 | E39: 기능 | F39: 요구사항정의 | G39: 신규 | H39: 구축요건정의서 | I39: MDD-00038 | J39: 내부통제점검 체크리스트 항목별 현황조회 (인장날인 점검) | K39: ⚪ 인장날인 절차 미준수 현황 조회용 화면(p96) ⚪ 조회조건 – 부서 : 부점별 또는 전체부서 조회 가능, 조회기준일 : 현재일자 고정 ⚪ 점검항목 상세보기를 팝업으로 구현 할지 아니면 점검항목별 메뉴로 별도 구현 할지 추후 정의하여 화면 기능 구현 | M39: 감사부(본점감사) | O39: Accepted | T39: 대면
A40: 본부감사 | B40: 디지털 내부통제 점검기능 강화 | C40: Biz-0011 | D40: 본부부서 디지털 내부통제 구축 | E40: 기능 | F40: 요구사항정의 | G40: 신규 | H40: 구축요건정의서 | I40: MDD-00039 | J40: 내부통제점검 체크리스트 항목별 현황조회 (인장날인 점검) | K40: ⚪ 중요인장 날인명세(담보용) 조회용 화면(p97) ⚪ 조회조건 – 부서 : 부점별 또는 전체부서 조회 가능, 조회기준일 : 현재일자 고정 ⚪ 점검항목 상세보기를 팝업으로 구현 할지 아니면 점검항목별 메뉴로 별도 구현 할지 추후 정의하여 화면 기능 구현 | M40: 감사부(본점감사) | O40: Accepted | T40: 대면
A41: 본부감사 | B41: 디지털 내부통제 점검기능 강화 | C41: Biz-0011 | D41: 본부부서 디지털 내부통제 구축 | E41: 기능 | F41: 요구사항정의 | G41: 신규 | H41: 구축요건정의서 | I41: MDD-00040 | J41: 내부통제점검 체크리스트 항목별 현황조회 (인장날인 점검) | K41: ⚪ 중요인장 날인명세(일반용) 조회용 화면(p98) ⚪ 조회조건 – 부서 : 부점별 또는 전체부서 조회 가능, 조회기준일 : 현재일자 고정(P98) ⚪ 점검항목 상세보기를 팝업으로 구현 할지 아니면 점검항목별 메뉴로 별도 구현 할지 추후 정의하여 화면 기능 구현 | M41: 감사부(본점감사) | O41: Accepted | T41: 대면
A42: 본부감사 | B42: 디지털 내부통제 점검기능 강화 | C42: Biz-0011 | D42: 본부부서 디지털 내부통제 구축 | E42: 기능 | F42: 요구사항정의 | G42: 신규 | H42: 구축요건정의서 | I42: MDD-00041 | J42: 내부통제점검 체크리스트 항목별 현황조회 (사무분담 점검) | K42: ⚪ 부점별 사무분담 지정현황 조회용 화면 (p99) ⚪ 조회조건 – 부서 : 부점별 또는 전체부서 조회 가능, 기준년월 ⚪ 점검항목 상세보기를 팝업으로 구현 할지 아니면 점검항목별 메뉴로 별도 구현 할지 추후 정의하여 화면 기능 구현 | M42: 감사부(본점감사) | O42: Accepted | T42: 대면
A43: 본부감사 | B43: 디지털 내부통제 점검기능 강화 | C43: Biz-0011 | D43: 본부부서 디지털 내부통제 구축 | E43: 기능 | F43: 요구사항정의 | G43: 신규 | H43: 구축요건정의서 | I43: MDD-00042 | J43: 내부통제점검 체크리스트 항목별 현황조회 (사무분담 점검) | K43: ⚪ 전결권한 재위임 운영 현황 조회용 화면(p100) ⚪ 조회조건 – 부서 : 부점별 또는 전체부서 조회 가능, 기준년월 ⚪ 조회기준 - 부서별 : 사무분담 현황을 기준으로 별도사무분담 입력 정보 중 ‘직무전결재위임’이 포함된 대상을 수집하여 화면에 표시 ⚪ 점검항목 상세보기를 팝업으로 구현 할지 아니면 점검항목별 메뉴로 별도 구현 할지 추후 정의하여 화면 기능 구현 | M43: 감사부(본점감사) | O43: Accepted | T43: 대면
A44: 본부감사 | B44: 디지털 내부통제 점검기능 강화 | C44: Biz-0011 | D44: 본부부서 디지털 내부통제 구축 | E44: 기능 | F44: 요구사항정의 | G44: 신규 | H44: 구축요건정의서 | I44: MDD-00043 | J44: 내부통제점검 체크리스트 항목별 현황조회 (명령휴가 의무대상자 점검) | K44: ⚪ 부점별 명령휴가 대상자 현황 조회용 화면(p101) ⚪ 조회조건 – 부서 : 부점별 또는 전체부서 조회 가능, 기준년월 ⚪ 조회기준 - 부점별 : 명령휴가 현황을 표시하며, 각 세부항목은 준법지원시스템에 등록된 내역을 연계하여 표시 ⚪ 점검항목 상세보기를 팝업으로 구현 할지 아니면 점검항목별 메뉴로 별도 구현 할지 추후 정의하여 화면 기능 구현 | M44: 감사부(본점감사) | O44: Accepted | T44: 대면
... A64: 본부감사 | B64: 감사결과 조치요구사항 이행 등록방법 개선 | C64: Biz-0015 | D64: 현행 부서별 감사결과 조치요구사항에 대하여 기한내 조치토록 하고, 조치결과는 "감사결과 조치요구사항 정리보고서" 작성(부서장 서명) 후 증빙자료와 함께 감사정보시스템에 등록 | E64: 기능 | F64: 요구사항정의 | G64: 신규 | H64: 구축요건정의서 | I64: MDD-00063 | J64: 감사종료 후 등록된 지적사항 중 심의 필요 대상 의뢰 및 관리 | K64: ⚪ 심의의뢰 등록시 지적사항추가 버튼 클릭 시 지적사항 목록 팝업이 나타난며 특정 지적사항을 선택 했을 경우 지적사항 내용이 심의사항 내용 항목에 자동으로 입력되는 기능 제공(p78) | M64: 감사부(본점감사) | O64: Accepted | T64: 대면
A65: 본부감사 | B65: 감사결과 조치요구사항 이행 등록방법 개선 | C65: Biz-0016 | D65: 감사정보시스템 조치결과 등록 시 부점장 전자결재 프로세스 구축을 통하여 "감사결과 조치요구사항 정리보고서" 수기작성 절차 생략 | E65: 기능 | F65: 요구사항정의 | G65: 신규 | H65: 구축요건정의서 | I65: MDD-00064 | J65: 감사결과 조치요구사항 정리보고서 수기작성 절차 | K65: ⚪ 감사정보시스템(부점용)>지적사항관리>본부감사지적사항관리>본부감사지적사항관리 조치이행 부서내 확인 기능 ⚪ 부서내 확인기능은 조치이행에 대한 내용 및 첨부파일을 담당자가 작성하고 부서장이 다시 한번 검증하는 기능 | M65: 감사부(본점감사) | O65: Accepted
A66: 본부감사 | B66: 감사결과보고서 관리체계개선 | C66: Biz-0017 | D66: Knowledge DB 통합검색 기능 | E66: 기능 | F66: 요구사항정의 | G66: 신규 | H66: 구축요건정의서 | I66: MDD-00065 | J66: 본부 감사결과에 따른 지적사항 등록 | K66: ⚪ 키워드 입력 항목 추가. 지적사항 등록 시 지적과 관련된 주요 키워드를 ‘#키워드’ 형태로 입력하게 함. 이후 DB에 #로 구분된 키워드들이 각각 저장되며, 본 정보는 검색기능 제공시 활용됨 (p75) ⚪ 감사보고서 등록시 키워드 항목 필수 입력 항목으로 등록 할 수 있도록 구현 ⚪ 감사조서와 귀임보고서는 통합검색에서 like 검색 대상임 | M66: 감사부(본점감사) | O66: Accepted | T66: 대면
A67: 본부감사 | B67: 감사결과보고서 관리체계개선 | C67: Biz-0018 | D67: 감사결과 검색기능 강화 | E67: 기능 | F67: 요구사항정의 | G67: 신규 | H67: 회의록 | I67: MDD-00066 | J67: 감사별 평가 내역 및 결과 조회 | K67: ⚪ 감사별 평가 결과 조회시 과거 부점명 결과 항목 추가(과거 부점명은 검색 시작일 기준으로 과거 부점명 표시하며 과거 기준 부점명은 5년이내 데이터만 조회(P85) - 본부감사>감사운영>감사선택>내감사>>(구)대표부점명 조회결과에 항목추가 - 본부감사>감사운영>전체감사>연도별>연도별 검색>(구)대표부점명 조회결과에 항목추가 - 본부감사>감사운영>전체감사>연도별>감사목록검색>(구)대표부점명 조회결과에 항목추가 - 본부감사>감사결과>지적사항관리>내 지적사항>년도별검색>(구)실행부서 조회결과에 항목추가 - 본부감사>감사결과>지적사항관리>감사별조회>감사목록 검색>(구)실행부서 조회결과에 항목추가 - 본부감사>감사결과>지적사항관리>감사역별조회>>(구)실행부서 조회결과에 항목추가 - 본부감사>감사결과>지적사항관리>지적사항 명세>>(구)실행부서 조회결과에 항목추가 - 본부감사>감사결과>지적사항관리>심의의뢰>>(구)대상부점 조회결과에 항목추가 - 본부감사>관리자>수감부서 설문조사 관리>감사별 평가 결과>부서별 평가 결과>(구)부점명 조회결과에 항목추가 - 본부감사>관리자>수감부서 설문조사 관리>감사별 평가 결과>개인별 평가 결과>(구)부점명 조회결과에 항목추가 - 본부감사>관리자>수감부서 설문조사 관리>감사별 평가 결과>감사실시 명세>(구)부점명 조회결과에 항목추가 | M67: 감사부(본점감사) | O67: Accepted | T67: 대면
A68: 본부감사 | B68: 감사자료 추출 편의 강화 | C68: Biz-0019 | D68: 지적사항 정리 관련 부서제출 자료의 일괄 추출 기능 제공 | E68: 기능 | F68: 요구사항정의 | G68: 신규 | H68: 회의록 | I68: MDD-00067 | J68: 본부 감사결과에 따른 지적현황 조회 및 관리 | K68: ⚪ 본부감사>감사결과>지적사항관리>감사별조회 메뉴 유지(부서별조회, 감사역별조회 메뉴는 삭제)(P76) ⚪ 본부감사>감사결과>지적사항관리>지적사항 명세 화면에 (조치상태, 감사역, 부서조회, 지적사항 제목, 팀구분, 감사구분, Keyword조회/검색어) 검색조건 추가 | M68: 감사부(본점감사) | O68: Accepted | T68: 대면
A69: 본부감사 | B69: 감사자료 추출 편의 강화 | C69: Biz-0020 | D69: 감사보고서 등 감사종료시 등재 자료에 대한 일괄 다운로드 기능 제공 | E69: 기능 | F69: 요구사항정의 | G69: 신규 | H69: 회의록 | I69: MDD-00068 | J69: 본부 감사결과에 따른 지적현황 세부내역 조회 및 관리 | K69: ⚪ 다운로드 버튼을 본점, 부점분리하여 본점용 및 부점용 다운로드 가능 하도록 기능 제공(p77) ⚪ 지적사항 조치완료 기일도래 전 담당자/감사역/운영반에 별도 알림 전송(기능 구현되어 있음) ⚪ ASIS의 부서별 조회와 감사역별 조회 화면의 검색 항목(조치상태, 감사역, 부서조회, 지적사항 제목, 팀구분, 감사구분, Keyword조회/검색어)을 추가하여 검색조건 기능 제공 | M69: 감사부(본점감사) | O69: Accepted | T69: 대면
A70: 본부감사 | B70: 본부감사기타 | C70: Biz-0022 | D70: 기타 | E70: 기능 | F70: 요구사항정의 | G70: 신규 | H70: 회의록 | I70: MDD-00069 | J70: 대외규정상 준수대상 계량지표 관련 내용 조회 | K70: ⚪ 본부감사 > 사전감사 > 사전감사자료 > 대외규정상 준수대상 계량지표 점검 > 참고자료 및 연도별 점검 메뉴 통합(p72) | M70: 감사부(본점감사) | O70: Accepted | T70: 대면
A71: 본부감사 | B71: 본부감사기타 | C71: Biz-0022 | D71: 기타 | E71: 기능 | F71: 요구사항정의 | G71: 신규 | H71: 회의록 | I71: MDD-00070 | J71: 글로벌영업점 감사업무 매뉴얼 조회 및 관리 | K71: ⚪ 본부감사 > 사전감사 > 감사업무방법서 > 글로벌영업점 감사업무 매뉴얼의 하위 메뉴 통합(p73) ⚪ 통합 화면의 지역지점 선택 종류는 뉴욕지점, 동경지점, 구르그람지점, 첸나이지점, 푸네지점, 런던지점, 홍콩지점, 싱가포르지점, 호치민지점, 하노이지점, 중국현지법인(광저우지점, 하얼빈지점 통합), MF미얀마법인, 미얀마은행, KB Bank(인도네시아) KB Prasac항목으로 선택 박스 구현 | M71: 감사부(본점감사) | O71: Accepted | T71: 대면
A72: 본부감사 | B72: 본부감사기타 | C72: Biz-0022 | D72: 기타 | E72: 기능 | F72: 요구사항정의 | G72: 신규 | H72: 회의록 | I72: MDD-00071 | J72: 사업본부별 BMP 관련 자료 조회 및 관리 | K72: ⚪ 본부감사>정보관리>과거자료 모음 메뉴에 통합(p74) | M72: 감사부(본점감사) | O72: Accepted | T72: 대면
A73: 본부감사 | B73: 본부감사기타 | C73: Biz-0022 | D73: 기타 | E73: 기능 | F73: 요구사항정의 | G73: 신규 | H73: 회의록 | I73: MDD-00072 | J73: 내부통제평가 근기표 등록 및 자료 관리 | K73: ⚪ 내부통제평가근기표의 하위 메뉴인 참고자료, 연도별 자료 메뉴 통합 - 연도별 자료 선택시 조회년도 선택 시 연도선택 Select Box 활성화(p79) | M73: 감사부(본점감사) | O73: Accepted | T73: 대면
A74: 본부감사 | B74: 본부감사기타 | C74: Biz-0022 | D74: 기타 | E74: 기능 | F74: 요구사항정의 | G74: 신규 | H74: 회의록 | I74: MDD-00073 | J74: 지적사항사후점검 내용 등록 및 자료 관리 | K74: ⚪ 지적사항사후점검내용조회의 하위 메뉴인 지적사항사후점검, 분기점검 및 현장감사 메뉴 통합(p80) | M74: 감사부(본점감사) | O74: Accepted | T74: 대면
A75: 본부감사 | B75: 본부감사기타 | C75: Biz-0022 | D75: 기타 | E75: 기능 | F75: 요구사항정의 | G75: 신규 | H75: 회의록 | I75: MDD-00074 | J75: 글로벌감사 중요정보보고 및 수검정보보고 내역 관리 | K75: ⚪ 글로벌 정보고관리 메뉴 통합 대상인 중요정보보고, (신)중요정보보고, 수검정보보고 및 (신)수검정보보고가 데이터의 상이로 통합 불가 ⚪ 메뉴는 통합하여 하나의 화면에 탭으로 중요정보보고, (신)중요정보보고, 수검정보보고 및 (신)수검정보보고로 구성하여 구현 | M75: 감사부(본점감사) | O75: Accepted | P75: 데이터 상이로 하나 화면으로 통합은 불가능하므로, 하나 화면에 탭으로 구성 가능 | S75: 20241114_감사정보시스템 고도화 및 클라우드 전환 구축_본부감사_2.docx | T75: 대면
A76: 본부감사 | B76: 본부감사기타 | C76: Biz-0022 | D76: 기타 | E76: 기능 | F76: 요구사항정의 | G76: 신규 | H76: 회의록 | I76: MDD-00075 | J76: 국가별 RM정보 및 공통자료 관리 | K76: ⚪ 국외감사 RM보고 메뉴의 하위 메뉴인 미국, 일본, 홍콩, 영국, 뉴질랜드, 인도, 중국, 베트남, 캄보디아, 미얀마, 통합RM보고서 및 화상회의자료 메뉴 통합(p82) | M76: 감사부(본점감사) | O76: Accepted | T76: 대면
A77: 본부감사 | B77: 본부감사기타 | C77: Biz-0022 | D77: 기타 | E77: 기능 | F77: 요구사항정의 | G77: 신규 | H77: 회의록 | I77: MDD-00076 | J77: 본부감사 주요 자료 및 전파내용 관리 | K77: ⚪ 본부감사>정보관리’ 하위 메뉴 중 감사제도/운영, 정보수집자료 및 금감원 업무보고서/사업그룹모니터링자료 통합(p83) | M77: 감사부(본점감사) | O77: Accepted | T77: 대면
A78: 본부감사 | B78: 본부감사기타 | C78: Biz-0022 | D78: 기타 | E78: 기능 | F78: 요구사항정의 | G78: 신규 | H78: 회의록 | I78: MDD-00077 | J78: 다면평가 과거 이력 조회 전용 메뉴 (2016.06 이전 자료) | K78: ⚪ 본부감사>관리자>다면평가(2016.06이전)의 하위 메뉴인 다면평가현황 조회 및 다면평가결과 조회 메뉴 통합(P84) | M78: 감사부(본점감사) | O78: Accepted | T78: 대면
A79: 본부감사 | B79: 본부감사기타 | C79: Biz-0022 | D79: 기타 | E79: 기능 | F79: 요구사항정의 | G79: 삭제 | H79: 회의록 | I79: MDD-00078 | J79: 감사역들의 감사활동에 대한 평가결과 조회 및 관리 | K79: ⚪ 메뉴 통합이 불가하여 현행 유지(p86) | M79: 감사부(본점감사) | O79: Not Accepted | P79: 1차 본부감사 업무 요구사항 회의 시 협의 | S79: 20241104_감사정보시스템 고도화 및 클라우드 전환 구축_본부감사.docx | T79: 대면
A80: 본부감사 | B80: 본부감사기타 | C80: Biz-0022 | D80: 기타 | E80: 기능 | F80: 요구사항정의 | G80: 신규 | H80: 회의록 | I80: MDD-00079 | J80: 사업그룹 별 평가 총괄표 작성 및 관리 | K80: ⚪ 평가수정버튼 요청이 있었으나 수정이 필요없어서 현행 유지(p87) | M80: 감사부(본점감사) | O80: Accepted | T80: 대면
A81: 본부감사 | B81: 본부감사기타 | C81: Biz-0022 | D81: 기타 | E81: 기능 | F81: 요구사항정의 | G81: 신규 | H81: 회의록 | I81: MDD-00080 | J81: 각 부서별 담당(운영)하는 시스템 및 관련 정보들을 조회/관리하여 감사준비 시 활용할 수 있도록 기능 제공 | K81: ⚪ 본부부서 감사 계획 수립 시 참고를 위한 소관부서별 업무시스템을 관리하는 기능 제공(p118) - 조회조건 : 조회부서, 사업그룹/부서(개별 또는 그룹단위 조회 가능-첫번째 셀렉트박스에는 그룹단위, 두번째 셀렉트박스는 부서단위로 구현), 시스템명, 관련감사 ⚪ 부서별 관련 시스템 현황을 목록화하여 표시. 각 내용은 담당자가 직접 입력/관리하도록 함 ⚪ 등록버튼 클릭시 부서별 담당시스템 및 추가정보 입력할 수 있도록 하며, 본 내용은 누구나(본부감사 감사역) 수정 가능 ⚪ 본 화면에 입력된 정보를 토대로 감사회차 등록 및 감사원 배정 완료시 자동으로 관련시스템 권한부여 시행문이 작성되는 기능은 추후 과제로 진행예정:내용 제외 ⚪ 출력항목 No, 부서, 담당시스템, 권한(세부항목) 항목 만 조회되고 신청사유, 관련감사 및 최근수정일자 항목은 제외 | M81: 감사부(본점감사) | O81: Accepted | T81: 대면
A82: 본부감사 | B82: 본부감사기타 | C82: Biz-0022 | D82: 본부감사 자료실 | E82: 기능 | F82: 요구사항정의 | G82: 삭제 | H82: 구축요건정의서 | I82: MDD-00081 | J82: 영업점->본부부서로 전입하여 위험평가대상에서 제외된 직원들의 과거 이력을 조회하는 기능 제공 | K82: ⚪ 본부직원 위험이력 조회 삭제 | M82: 감사부(본점감사) | O82: Not Accepted | P82: 2차 본부감사 업무 요구사항 회의 시 협의 | S82: 20241114_감사정보시스템 고도화 및 클라우드 전환 구축_본부감사_2.docx | T82: 대면
A83: 일상감사 | B83: 점검기능 강화 | C83: Biz-0023 | D83: 일상감사 진행/점검 현황을 다양한 조건으로 검색할 수 있도록 화면 개선 | E83: 기능 | F83: 요구사항정의 | G83: 신규 | H83: 구축요건정의서 | I83: MDD-00082 | J83: 일상감사 현황 조회 및 관리 | K83: ⚪ 일상감사 현황 조회 및 관리 자동통보 기능 worKB연계 가능(P124) ⚪ 일상감사 현황 관련 검색기능 강화 : 영역별 Keyword 검색 기능 제공, 지역그룹, 본부단위 검색 기능 제공(P124) ⚪ 심의의견서 등 상세내용 조회 시 전체 Text 한눈에 조회 가능 제공(P124) ⚪ 일상감사 현황(종합) 분류 구분 추가(사전감사, 사후감사, 상임감사위원, 재위임) ⚪ 일상감사 현황을 대쉬보드 형태로 표시(p125) ⚪ 일상감사 현황(종합) 분류별 건수 표시(사전감사, 사후감사, 상임감사위원, 재위임)(p125) | M83: 감사기획부 | O83: Accepted
A84: 일상감사 | B84: 점검기능 강화 | C84: Biz-0024 | D84: 일상감사 관련 커뮤니케이션 기능 강화 | E84: 기능 | F84: 요구사항정의 | G84: 신규 | H84: 구축요건정의서 | I84: MDD-00083 | J84: Wise-net 에서 일상감사 생략대상으로 등록된 문서들을 조회 | K84: ⚪ 화면 조회 시 컬럼정보 추가 : 생략문서 별 ‘생략사유‘ 정보 각 생략사유 클릭 시 등록된 전체 텍스트 정보를 확인할 수 있도록 기능 제공(P126) | M84: 감사기획부 | O84: Accepted
A85: 일상감사 | B85: 점검기능 강화 | C85: Biz-0024 | D85: 일상감사 관련 커뮤니케이션 기능 강화 | E85: 기능 | F85: 요구사항정의 | G85: 신규 | H85: 구축요건정의서 | I85: MDD-00084 | J85: 본부감사 수집정보 및 일상감사 관련 참고자료 관리 | K85: ⚪ 조회 시 조회 목록 수 30개 Default, 조회 목록 수 직접 입력은 제외(P127) ⚪ 일상감사 > 정보수집 > 수집정보 조회 및 등록(MDD75MBO000) 메뉴를 본부감사 > 정보관리 > 본부감사 자료실 이동(P127) -> 메뉴 이동하지 않고 현행 유지 | M85: 감사기획부 | O85: Accepted | T85: 대면
A86: 일상감사 | B86: 점검기능 강화 | C86: Biz-0024 | D86: 일상감사 관련 커뮤니케이션 기능 강화 | E86: 기능 | F86: 요구사항정의 | G86: 신규 | H86: 구축요건정의서 | I86: MDD-00085 | J86: 일상감사 대상에 대해 개별 부서에서 사전협의 안을 등록하고 감사부에서 관리하는 기능 제공 | K86: ⚪ 일상감사 대상에 대해 개별 부서에서 사전협의 안을 등록하고 감사부에서 관리하는 기능 제공 ⚪ 일상감사 사전협의 등록 시 시행(예정)일 항목 추가 (날자는 사용자 선택)(P128) ⚪ 파일업로드 용량 현재 200MB이나 추가 가능 여부 IT와 협의 후 결정(P129) ⚪ 비고 입력 항목 추가(감사역 만 작성 및 조회 가능) (P130) ⚪ 분류 입력시 항목 결과에서 조회 가능 여부 확인(wise-net) (P130) | M86: 감사기획부 | O86: Accepted | T86: 대면
A87: 상시감사 | B87: 본부/글로벌 Rule분석 / 관리 | C87: Biz-0025 | D87: 본부 및 글로벌 상시점검항목 Rule분석 | E87: 기능 | F87: 요구사항정의 | G87: 신규 | H87: 구축요건정의서 | I87: MDD-00086 | J87: 본부 및 글로벌 상시감사 점검항목 분석 | K87: ⚪ 본부상시 10개 항목 신규 개발 ⚪ 기존 28개 항목관련 본부상시 점검항목별 Rule 세분화 작업 취소 | M87: 감사부(본점감사) | O87: Accepted | T87: 대면
A88: 상시감사 | B88: 본부 및 글로벌 상시점검항목 Rule분석 | C88: Biz-0026 | D88: 점검항목 별 Rule관리 화면 개발 | E88: 기능 | F88: 요구사항정의 | G88: 신규 | H88: 구축요건정의서 | I88: MDD-00087 | J88: 점검항목별 메뉴얼 관리 | K88: ⚪ 상시감사 점검항목(점검메뉴얼)관리는 점검항목 분류별, 점검항목명, 점검구분별 조회 기능 제공(p19, p32 ~p37) ⚪ 점검항목 분류별, 점검항목명, 점검구분별 조회 기능 제공(p19, p32 ~p37) ⚪ 점검항목별 점검배경, 점검구분, 방법, 점검방법, 관련규징 및 지침 등 을 관리 할 수 있는 기능제공(p19, p32 ~p37) ⚪ 점검항목별 수정시 변경 이력 관리가 가능한 기능 제공(p19, p32 ~p37) | M88: 감사부(본점감사) | O88: Accepted | T88: 대면
A89: 상시감사 | B89: 본부 및 글로벌 상시점검항목 Rule분석 | C89: Biz-0027 | D89: 본부/글로벌 Rule분석 결과 조회 | E89: 기능 | F89: 요구사항정의 | G89: 신규 | H89: 구축요건정의서 | I89: MDD-00088 | J89: 글로벌 상시 | K89: ⚪ 글로벌 상시 점검항목 점검 시 개별부에 보여지는 정보 항목 추가-항목 미정의 (컨설팅요건정의서 페이지 없음) | M89: 감사부(본점감사) | O89: Accepted
A90: 상시감사 | B90: 본부/글로벌 상시점검 | C90: Biz-0027 | D90: 본부/글로벌 Rule 분석 결과 조회 | E90: 기능 | F90: 요구사항정의 | G90: 신규 | H90: 구축요건정의서 | I90: MDD-00089 | J90: 상시감사 점검현황 및 통계자료 시각화 제공 | K90: ⚪ 기존 화면 기능 유지 (영업점 관련 기능 제외, 본부/글로벌 전용으로 기능 구성) (p29) ⚪ 업무구분 검색조건 추가, 본부/글로벌 상시업무에 맞춰 하단 통계표 컬럼정보 변경 ⚪ 조회조건 상시감사역 선택 박스 삭제로 점검률, 지도 삭제는 구현 하지 않음 ⚪ 기준기간별 실시간 추출, 점검등 출력항목 감사부에서 정의 후 기능 구현 | M90: 감사부(본점감사) | O90: Accepted | T90: 대면
A91: 상시감사 | B91: 본부/글로벌 상시점검 | C91: Biz-0027 | D91: 본부/글로벌 Rule분석 결과 조회 | E91: 기능 | F91: 요구사항정의 | G91: 삭제 | H91: 구축요건정의서 | I91: MDD-00090 | J91: 거래내역 통합 조회 (일별, 기간, 계좌/고객, 배치) | K91: ⚪ 영업점 상시점검 거래내역 통합조회와 본부 및 글로벌 상시의 거래내역 유형이 상이해서 해당 화면 기능 구현하지 않음(p30) | M91: 감사부(본점감사) | O91: Not Accepted | P91: 1차 상시감사 업무 요구사항 회의 시 삭제 하기로 협의 | S91: 20241104_감사정보시스템 고도화 및 클라우드 전환 구축_상시감시.docx | T91: 대면
A92: 상시감사 | B92: 본부/글로벌 상시점검 | C92: Biz-0028 | D92: 점검 결과 지적사항 등록 및 관리 | E92: 기능 | F92: 요구사항정의 | G92: 신규 | H92: 구축요건정의서 | I92: MDD-00091 | J92: 본부상시 항목별 점검대상 확인 및 점검 진행 | K92: ⚪ 점검내용 등록의 지적사항 작성시 템플릿 기능 적용 하지 않음(p21) ⚪ 점검내용 점검취소 기능 제공(p22) - 점검 등록자만 점검취소가능 - 이력관리 하지않고 최종 점검자만 관리 - 점검검취소는 결재 기능 없음 ⚪ RM감사역과 공유하고 싶은 경우에는 체크버튼 기능 구현하지 않음(p23) | M92: 감사부(본점감사) | O92: Accepted
A93: 상시감사 | B93: 본부/글로벌 상시점검 | C93: Biz-0029 | D93: 점검 보고서 제공 (레포팅 툴 활용) | E93: 기능 | F93: 요구사항정의 | G93: 신규 | H93: 구축요건정의서 | I93: MDD-00092 | J93: 상시지적사항 관련 현황 보고서 조회 | K93: ⚪ 삭제 상시 지적사항 관련 현황 보고서 조회 이미 기능 구현되어 있음(p31) ⚪ 오즈 보고서로 출력(차트 구현 여부 확인 필 - 상세 레이아웃은 추후 전달 예정) | M93: 감사부(본점감사) | O93: Accepted
A94: 상시감사 | C94: Biz-0029 | D94: 점검 보고서 제공 (레포팅 툴 활용) | E94: 기능 | F94: 요구사항정의 | G94: 삭제 | H94: 회의록 | I94: MDD-00093 | J94: 점검결과 내용 목록 조회 보고서 출력 | K94: ⚪ 점검결과 내용 조회 신규에 보고서 출력 기능은 불 필요 (페이지 없음 - p31) | M94: 감사부(본점감사) | O94: Not Accepted | P94: 1차 상시감사 업무 요구사항 회의 시 ASIS 개선사항 없음으로 협의 | S94: 20241104_감사정보시스템 고도화 및 클라우드 전환 구축_상시감시.docx
A95: 상시감사 | B95: 본부상시 | C95: Biz-0030 | D95: 본부상시 점검결과 등록기능 및 점거결과 조회 기능 개선 | E95: 기능 | F95: 요구사항정의 | G95: 삭제 | H95: 구축요건정의서 | I95: MDD-00094 | J95: 본부상시감사 점검 중 도출된 특이사항 또는 정보사항을 등록/관리 | K95: ⚪ 점검항목의 RM공유 대상 기능 미구현으로 공유검사역 및 RM공유대상 항목 추가하지 않음(p25) | M95: 감사부(본점감사) | O95: Not Accepted | P95: 1차 상시감사 업무 요구사항 회의 시 삭제 하기로 협의 | S95: 20241104_감사정보시스템 고도화 및 클라우드 전환 구축_상시감시.docx | T95: 대면
A96: 상시감사 | B96: 본부상시 | C96: Biz-0031 | D96: 점검결과 등록기능 개선 | E96: 기능 | F96: 요구사항정의 | G96: 신규 | H96: 구축요건정의서 | I96: MDD-00095 | J96: 상시감사 점검내역 (부점/항목) 조회 | K96: ⚪ 상시점검내역(부점.항목)조회 에서 계정거래유형, 취급자 검색조건 추가및 거래일자, 대상부점을 조회 기본값으로 한다(p28) - 취급자를 입력하지 않은경우 대상부점의 모든 취급자를 표시한다 - 취급자를 입력한경우 대상부점 해당 취급자의 정보만 표기된다 | M96: 감사부(본점감사) | O96: Accepted | T96: 대면
A97: 상시감사 | B97: 본부상시 | C97: Biz-0031 | D97: 점검결과 등록기능 개선 | E97: 기능 | F97: 요구사항정의 | G97: 신규 | H97: 구축요건정의서 | I97: MDD-00096 | J97: 글로벌상시 항목별 점검대상 확인 및 점검 진행 | K97: ⚪ 글로벌상시-점검화면에서 목록 상단에 전체선택 체크박스 제외, 개발 목록에 개별 선택 체크박스 기능 구현 하여 선택된 항목 일괄(점검 버튼) 점검 하는 기능 제공(p24) ⚪ 본부상시- 전체선택 체크박스는 제외, 개발 목록에 개별 선택 체크박스(금액 합계 표시) 기능 구현 하여 선택된 항목 일괄(점검 버튼) 점검 하는 기능 제공 | M97: 감사부(본점감사) | O97: Accepted
A98: 상시감사 | B98: 본부상시 | C98: Biz-0031 | D98: 점검결과 등록기능 개선 | E98: 기능 | F98: 요구사항정의 | G98: 삭제 | H98: 구축요건정의서 | I98: MDD-00097 | J98: 긴급점검 항목 신속지원 | K98: ⚪ 좌측 트리 메뉴에 긴급항목 추가하여 클릭 시 추출된 (감사부에서 명칭 제공 예정) 항목 목록이 조회되는 기능 제공(p17) | M98: 감사부(본점감사) | O98: Not Accepted | P98: Accepted -> Not Accepted 2024.12.20 스토리보드 리뷰 참석 : 김민정 감사역, 김병원 이사 사유 : 해당 항목의 실효성이미비하다고 판단하여 삭제하기로 함 | R98: 2024.12.20 | T98: 대면
A99: 상시감사 | B99: 본부상시 | C99: Biz-0031 | D99: 점검결과 조회기능 개선 | E99: 기능 | F99: 요구사항정의 | G99: 신규 | H99: 구축요건정의서 | I99: MDD-00098 | J99: 점검결과 내용 목 조회 | K99: ⚪ 점검내용 작성한 목록만 조회 할 수 있는 기능 제공(조회 조건 - 일자(from~to), 점검자, 점검항목별 등), 출력기능 불필요 | M99: 감사부(본점감사) | O99: Accepted
A100: 상시감사 | B100: 본부상시 | C100: Biz-0032 | D100: 메시지 전송기능 강화 | E100: 기능 | F100: 요구사항정의 | G100: 삭제 | H100: 구축요건정의서 | I100: MDD-00099 | J100: 본부상시감사 점검시 발생한 메시지 수발신 내용 관리 | K100: ⚪ 사유회신 메시지 전송 후 ‘미회신’ 항목(응답일시 없음)들만 별도 조회 가능하도록 검색조건 개선(p26) ⚪ 메신저 담당자(workB담당자 : 경영정보개발부 박태주수석)에 메시지 회신여부등 가능 여부 확인 후 적용 가능(IT, 개발) - 회신여부 가능 시 글로벌 상시도 지원 가능 여부 추가 확인필요 | M100: 감사부(본점감사) | O100: Accepted | R100: 2024.12.20 | T100: 대면
A101: 상시감사 | B101: 본부상시 | C101: Biz-0032 | D101: 메시지 전송기능 강화 | E101: 기능 | F101: 요구사항정의 | G101: 신규 | H101: 구축요건정의서 | I101: MDD-00100 | J101: 본부상시감사 메시지 전송현황 조회 | K101: ⚪ 본부상시 메시전송 현황을 조회 조건 전송일자, 점검항목별로 조회 할수 있는 기능 제공(p27) ⚪ 메신저 담당자(workB담당자 : 경영정보개발부 박태주수석)에 메시지 회신여부등 가능 여부 확인 후 적용 가능(IT, 개발) | M101: 감사부(본점감사) | O101: Accepted
A102: 심의/조사 | B102: 업무기능 개선 | C102: Biz-0033 | D102: 심의/조사 업무 효율성 강화를 위한 기능 개선 | E102: 기능 | F102: 요구사항정의 | G102: 신규 | H102: 구축요건정의서 | I102: MDD-00101 | J102: 지적사항 등록·관리 | K102: ⚪ ‘추가’ 버튼 신설. 기존 입력 항목 선택 후 내용 일부 변경하여 추가 클릭 시 수정이 아니라 새로운 행으로 추가되어 지적사항으로 등록(지적사항 개별등록 개선 및 기능개선) (p134) ⚪ 지적사항 등록 화면에 추가버튼 신설, 소분류 항목에 기타 코드 및 항목 추가하여 선택 및 키워드 입력 필수 항목으로 추가(p134) ⚪ 지적사항 등록의 지적세부사항등록 탭에 당시직급, 당시 담당업무, 당시담당기간 조회해서 선택 하는 기능 개선(p135) ⚪ 지침과 과 규정, 지침등 내용, 규정 지침 및 세부내역요약 입력 시 입력 한계선을 표시(p135) | M102: 감사부(감사기획부) | O102: Accepted | T102: 대면
A103: 심의/조사 | B103: 업무기능 개선 | C103: Biz-0033 | D103: 심의/조사 업무 효율성 강화를 위한 기능 개선 | E103: 기능 | F103: 요구사항정의 | G103: 신규 | H103: 구축요건정의서 | I103: MDD-00102 | J103: 지적사항 및 심의대상을 조회하고 심의내용을 등록·관리 | K103: ⚪ 조회값 선택시 Auto-Refresh 기능 삭제 (항목 변경 후 조회버튼 누를 때에만 검색실행) ⚪ 조회결과 컬럼 추가 : 감사부점, 관련부점 (p136) | M103: 감사부(감사기획부) | O103: Accepted | T103: 대면
A104: 심의/조사 | B104: 업무기능 개선 | C104: Biz-0033 | D104: 심의/조사 업무 효율성 강화를 위한 기능 개선 | E104: 기능 | F104: 요구사항정의 | G104: 신규 | H104: 구축요건정의서 | I104: MDD-00103 | J104: 부점별 지적사항 및 관련 귀책정보 조회 | K104: ⚪ 귀책부점 내용조회에서 검색조건에 지적부점과 PG별 선택 박스 제공하여 선택별로 조회 하는 기능, 지적부점별 Sorting 기능, 조회결과 목록에 감사부점, 관련 부점, 지적확정여부 및 PG점수 항목 추가(p137) | M104: 감사부(감사기획부) | O104: Accepted | T104: 대면
A105: 심의/조사 | B105: 업무기능 개선 | C105: Biz-0033 | D105: 심의/조사 업무 효율성 강화를 위한 기능 개선 | E105: 기능 | F105: 요구사항정의 | G105: 신규 | H105: 구축요건정의서 | I105: MDD-00104 | J105: 시정진행현횡 조회와 시정관리 대장 조회 통합 | K105: ⚪ 감사역화면의 시정 진행현황 조회와 시정관리대장조회 화면 통합하고 검색조건 시정 진행현황 조회조건에 시정관리대장조회의 정리구분 항목 추가(p138~p139) ⚪ 통합한 시정관리 대장 조회에서 심의등록 상세보기에서 심의 완료인 경우 재심의 버튼을 추가하여 재심의 할 수 있는 기능 제공 ⚪ 시정완료일이 입력되어야면 재심의 후 의결등록이 안되게 함. ⚪ 재심의 저장시 정리완료일을 초기화 여부(Y/N) 메시지 출력하여 저장 하는 기능 제공(p138~p139) ⚪ 심의/조사>지적사항심의>본부감사지적심의> 본부심의관리 조회 결과 화면에서 심의의뢰감사역, 심의완료일 항목 추가 ⚪ 심의/조사>지적사항심의>본부감사지적심의> 본부심의관리본부감사 지적심의 상세보기 팝업화면에 본부 심의완료일 항목 추가 | M105: 감사부(감사기획부) | O105: Accepted | T105: 대면
A106: 심의/조사 | B106: 업무기능 개선 | C106: Biz-0033 | D106: 심의/조사 업무 효율성 강화를 위한 기능 개선 | E106: 기능 | F106: 요구사항정의 | G106: 신규 | H106: 구축요건정의서 | I106: MDD-00105 | J106: 영업점/본점에서 자신에게 지적된 내용을 조회하고 사후관리를 할 수 있는 기능 제공 | K106: ⚪ 감사정보시스템(부정용)의 지적사항관리 > 지적사항 내역조회 > 감사지적심의관리의 조회결과 사후관리등록 상세보기 팝업 화면에 지적사항 확인서보기 버튼 추가하여 지적내용 확인하는 기능 제공(지적부점용) | M106: 감사부(감사기획부) | O106: Accepted | T106: 대면
A107: 심의/조사 | B107: 업무기능 개선 | C107: Biz-0033 | D107: 심의/조사 업무 효율성 강화를 위한 기능 개선 | E107: 기능 | F107: 요구사항정의 | G107: 신규 | H107: 구축요건정의서 | I107: MDD-00106 | J107: 지적부점화면의 감사지적심의관리 | K107: ⚪ 감사정보시스템(부정용)의 지적사항관리 > 지적사항 내역조회 > 감사지적심의관리의 조회결과 사후관리등록 상세보기 팝업 화면에 지적사항 확인서보기 버튼 추가하여 지적내용 확인하는 기능 제공(지적부점용) | M107: 감사부(감사기획부) | O107: Accepted | S107: 20241112_감사정보시스템 고도화 및 클라우드 전환 구축_심의조사_2.docx
A108: 심의/조사 | B108: 업무기능 개선 | C108: Biz-0033 | D108: 심의/조사 업무 효율성 강화를 위한 기능 개선 | E108: 기능 | F108: 요구사항정의 | G108: 신규 | H108: 구축요건정의서 | I108: MDD-00107 | J108: 지적사항 및 심의대상을 조회하고 심의내용을 등록·관리 | K108: ⚪ 본 화면의 검색조건 및 조회결과 출력시 표시되는 컬럼정보를 ‘지적사항 심의관리’ 화면과 동일한 레이아웃으로 변경(p140) ⚪ 본부감사 심의/조사 프로세스를 영업점 심의/조사와 동일한 프로세스로 구현 ⚪ 본부감사에 문의하여 결정 후 고지훈 감사역에 검토의견 | M108: 감사부(감사기획부) | O108: Accepted | T108: 대면
A109: 심의/조사 | B109: 업무기능 개선 | C109: Biz-0033 | D109: 심의/조사 업무 효율성 강화를 위한 기능 개선 | E109: 기능 | F109: 요구사항정의 | G109: 신규 | H109: 구축요건정의서 | I109: MDD-00108 | J109: 영업점 및 본부부서의 중요정보 보고내역 관리 (영업점에서 조회할 시 나오는 화면) | K109: ⚪ 감사정보시스템(부점용)의 주요 정보사항 보고 등록 시 정보구분이 IT장애보고 등록시 간단한 항목 입력으로 등록 가능한 기능 및 추후 금감원접수번호 입력 저장시 해당 내역이 IT장애보고조회에서 조회 결과로 표시(p142, p143) ⚪ IT장애보고의 등록은 감사정보시스템(부점용)에서만 입력 가능 하도록 구현(p142, p143) ⚪ 감사정보시스템(부점용)의 주요 정보사항 보고 정보구분에 글로벌점포 전용 항목(현지감독기관 감사착수보고, 현지감독기관 감사결과 보고 및 현지감독 관련 기타정보 보고) 추가(p142, p143) ⚪ 주요정보사항(정보구분이 IT장애보고 제외) 입력 항목 중 주요내용, 조치내용, 기타 특이사항 칸을 조정하여 발생시기 및 경위 항목이 10줄 정도 입력되어 출력 할 수있게 조정 및 첨부파일 여러개 등록 가능도록 기능 제공(p144) | M109: 감사부(감사기획부) | O109: Accepted | R109: 2025.01.16 | T109: 비대면
A110: 심의/조사 | B110: 업무기능 개선 | C110: Biz-0033 | D110: 심의/조사 업무 효율성 강화를 위한 기능 개선 | E110: 기능 | F110: 요구사항정의 | G110: 신규 | H110: 구축요건정의서 | I110: MDD-00109 | J110: 감사계획 등록 현황 조회 및 내용 수정 | K110: ⚪ 감사계획 등록 (특별감사)에서 계획년도와 차수가 같은 감사계획 시 대상부점과 관련부점을 등록 기능 제공(단 대상부점 변경시에는 기존 등록한 대상부점 및 관련부점을 모두 삭제 후 재 등록해야함)(p146) | M110: 감사부(감사기획부) | O110: Accepted | T110: 대면
A111: 심의/조사 | B111: 업무기능 개선 | C111: Biz-0033 | D111: 심의/조사 업무 효율성 강화를 위한 기능 개선 | E111: 기능 | F111: 요구사항정의 | G111: 신규 | H111: 구축요건정의서 | I111: MDD-00110 | J111: 특별감사 대상 목록 및 현황 조회 | K111: ⚪ 관리대장 등록시(상세팝업)시 기타체크 항목 중 금융사고 항목 체그 가능하도록 기능 제공(p147) ⚪ 특별감사 관리대장 등록시(상세팝업)의 보고서작성의 특별감사(조사)보고서 탭에 관련자 등록 방법은 입력상자에 여러개의 사번을 넣고 관련직원 일괄 등록하는 기능제공(p148) ⚪ 관련직원 선택후 팝업을 통해 기준일자 기준 발령직급 선택 가능한 팝업 기능 제공(p148) ⚪ 관련직원 선택후 상하로 우선순위를 조정하는 기능 제공(p148) ⚪ 보고서 내용 작성 시 기존 한글 1000자를 ->8000자로 컬럼 크기 조정(p148) ⚪ 특별감사 관리대장 등록시(상세팝업)의 보고서작성의 심의결과 보고서 탭의 관련자는 이전 특별감사(주사)보고서의 관련자를 자동으로 세팅 하는 기능 제공(p149) | M111: 감사부(감사기획부) | O111: Accepted | T111: 대면
A112: 심의/조사 | B112: 업무기능 개선 | C112: Biz-0033 | D112: 심의/조사 업무 효율성 강화를 위한 기능 개선 | E112: 기능 | F112: 요구사항정의 | G112: 신규 | H112: 구축요건정의서 | I112: MDD-00111 | J112: 금융사고 목록 및 현황 등록/조회 | K112: ⚪ 금융사고 등록 시 과거 또는 특정 사례와 연관이 있는 사고들을 별도로 관리하기 위해 ‘연관사고 등록’ 버튼 추가 및 기능개선(p150) ⚪ 조회결과 목록에 감사차수는 제외하고 연계금융사고번호만 표기(p150) | M112: 감사부(감사기획부) | O112: Accepted | T112: 대면
A113: 심의/조사 | B113: 업무기능 개선 | C113: Biz-0033 | D113: 심의/조사 업무 효율성 강화를 위한 기능 개선 | E113: 기능 | F113: 요구사항정의 | G113: 신규 | H113: 구축요건정의서 | I113: MDD-00112 | J113: 국가별 RM정보 및 공통자료 관리 | K113: ⚪ 특별감사 과거 자료 조회의 (구)인사위원회 자료조회(2017년도이전) 메뉴와 (구)보고서검색 메뉴 통합은 데이터가 상이해서 메뉴통합은 불가하며 한화면에서 탭으로 구현 하여 제공(p152) ⚪ (국)인사위원회 조회 결과 목록에 감사보고서 다운로드 항목 추가하여 다운로드 가능한 기능 제공(단 (구)보고서검색에서 해당 계획년도의 해당 차추의 보고서가 등록되어 있을 경우 가능함) | M113: 감사부(감사기획부) | O113: Accepted | T113: 대면
A114: 심의/조사 | B114: 업무기능 개선 | C114: Biz-0034 | D114: 심의의결록 보고서 작성 및 출력 지원 기능 | E114: 기능 | F114: 요구사항정의 | G114: 삭제 | H114: 구축요건정의서 | I114: MDD-00113 | J114: 감사 종류별 감사보고서를 통합하여 조회할 수 있는 화면 | K114: ⚪ 심의/조사> 감사보고서 관리의 하위 메뉴 통합하여 하나의 화면에서 조회(p157) - 구)감사보고서관리(2013.11.29이전) - 감사보고서관리(일반) - 감사보고서관리(내부통제) - 감사보고서관리(특별점검) - 감사보고서관리(부책) ⚪ 조회 컬럼은 전체 화면에 존재하는 모든 컬럼정보를 표시하되, 업무별 존재하지 않는 값은 공백으로 표시 ⚪ 삭제 | M114: 감사부(감사기획부) | O114: Not Accepted | P114: 담당자: 육인석감사역 사유 : 요구사항정의 리뷰시 해당화면 통합하지 않기로 협의 함. | T114: 대면
A115: 공통 | B115: 연계 데이터 입수 | C115: Biz-0035 | D115: 후처리계 업무로그 실시간 수집 | E115: 비기능 | F115: 요구사항정의 | G115: 신규 | H115: 구축요건정의서 | I115: MDD-00114 | J115: 후처리계 업무로그 실시간 수집 | K115: ㅇ 후처리 로그가 15개로 분리되어 있어 15개 프로세스 또는 스레드로 병렬 처리 | M115: 시스템운영팀 | O115: Accepted
A116: 공통 | B116: 연계 데이터 입수 | C116: Biz-0036 | D116: 국외점포 거래로그 수집 | E116: 비기능 | F116: 요구사항정의 | G116: 신규 | H116: 구축요건정의서 | I116: MDD-00115 | J116: 국외점포 거래로그 수집 | K116: ㅇ대상 : 3개 ROC - 뉴욕, 오세아니아 센터, 여의도 국외업무서버 ㅇ JDBC로 직접 데이터에 접근하여 수집 | M116: 시스템운영팀 | O116: Accepted
A117: 공통 | B117: 연계 데이터 입수 | C117: Biz-0037 | D117: 본부/글로벌 상시감사 및 RAS분석을 위한 기반자료 | E117: 비기능 | F117: 요구사항정의 | G117: 신규 | H117: 구축요건정의서 | I117: MDD-00116 | J117: 본부/글로벌 상시감사 및 RAS분석을 위한 기반자료 | K117: ㅇ 상품처리계, EDW, 정보계, 기타 독립시스템 ㅇ RULE요건에 따라 수집 대상은 추가될 수 있음 | M117: 시스템운영팀 | O117: Accepted
A118: 공통 | B118: 대시보드 개발 | C118: Biz-0038 | D118: 지역별, 영업점별 전반적인 위험 수준을 파악할 수 있도록 감사/진행 현황 시각화 | E118: 기능 | F118: 요구사항정의 | G118: 신규 | H118: 구축요건정의서 | I118: MDD-00117 | J118: 지역별, 영업점별 전반적인 위험 수준을 파악할 수 있도록 감사/진행 현황 시각화 | K118: ㅇ 영업감사, 본부감사 및 심의조서에게 기능 제공 | M118: 감사부(영업감사) 감사부(본점감사) 감사부(감사기획부) | O118: Accepted
A119: 공통 | B119: 대시보드 개발 | C119: Biz-0039 | D119: 업무 수행 및 평가 관련 현황 대시보드 개발 | E119: 기능 | F119: 요구사항정의 | G119: 신규 | H119: 구축요건정의서 | I119: MDD-00118 | J119: 업무 수행 및 평가 관련 현황 대시보드 개발 | K119: ㅇ 영업감사, 본부감사 및 심의조서에게 기능 제공 | M119: 감사부(영업감사) 감사부(본점감사) 감사부(감사기획부) | O119: Accepted
...

Sheet 피벗_SUMMAY(현황)
A3: 개수 : 업무 | B3: 승인상태
A4: 업무 | B4: Accepted | C4: Conditional Accepted | D4: Not Accepted | E4: 총합계
A5: 영업감사 | B5: 24 | C5: 6 | D5: 1 | E5: 31
A6: 본부감사 | B6: 47 | C6: 1 | D6: 2 | E6: 50
A7: 일상감사 | B7: 4 | E7: 4
A8: 상시감사 | B8: 10 | D8: 5 | E8: 15
A9: 심의/조사 | B9: 12 | D9: 1 | E9: 13
A10: 감사지원 | B10: 13 | D10: 4 | E10: 17
A11: 공통 | B11: 11 | E11: 11
A12: 총합계 | B12: 121 | C12: 7 | D12: 13 | E12: 141

Sheet 피벗_SUMMARY(기능_비기능)
A3: 개수 : 요구사항구분 | C3: 상태/검토구분
C4: 신규 | E4: 삭제 | F4: 총합계
A5: 기능/비기능 | B5: 업무 | C5: Accepted | D5: Conditional Accepted | E5: Not Accepted
A6: 기능 | B6: 영업감사 | C6: 20 | D6: 6 | F6: 26
B7: 본부감사 | C7: 47 | D7: 1 | E7: 2 | F7: 50
B8: 상시감사 | C8: 10 | E8: 5 | F8: 15
B9: 일상감사 | C9: 4 | F9: 4
B10: 심의/조사 | C10: 12 | E10: 1 | F10: 13
B11: 감사지원 | C11: 13 | E11: 4 | F11: 17
B12: 공통 | C12: 8 | F12: 8
A13: 기능 요약 | C13: 114 | D13: 7 | E13: 12 | F13: 133
A14: 비기능 | B14: 영업감사 | C14: 4 | E14: 1 | F14: 5
B15: 공통 | C15: 3 | F15: 3
A16: 비기능 요약 | C16: 7 | E16: 1 | F16: 8
A17: 총합계 | C17: 121 | D17: 7 | E17: 13 | F17: 141
B31: (

Sheet 작성가이드

Sheet ※(요약)확정현황
B1: < 전체현황 >
K2: 실시간 | M2: <전주대비 증감>
B3: 개수 : 요구사항ID | C3: 검토상태 | I3: 총합계 (S = A+B+C+D+E+F) | J3: 진행율 (A+B+C+E+F)/S | K3: 수용율 (A+B)/S | M3: 검토상태 | Q3: 총합계 (S = A+B+C+D) | R3: 진행율 (A+B+C)/S | S3: 수용율 (A+B)/S
B4: 행 레이블 | C4: 승인(개발가능) (A) | D4: 조건부승인(일부개발가능) (B) | E4: 거부(삭제) (C ) | F4: 거부-이관 ( E) | G4: 거부-통폐합 (F) | H4: 미정 (D) | M4: 승인(개발가능) (A) | N4: 조건부승인(일부개발가능) (B) | O4: 거부(개발불가) (C ) | P4: 미정 (D)
B5: UXUI | C5: =COUNTIFS(#REF!,'※(요약)확정현황'!B5,#REF!,"승인") -> #REF! | D5: =COUNTIFS(#REF!,'※(요약)확정현황'!B5,#REF!,"조건부승인") -> #REF! | E5: =COUNTIFS(#REF!,'※(요약)확정현황'!B5,#REF!,"거부") -> #REF! | F5: =COUNTIFS(#REF!,'※(요약)확정현황'!B5,#REF!,"거부-이관") -> #REF! | G5: =COUNTIFS(#REF!,'※(요약)확정현황'!B5,#REF!,"거부-통폐합") -> #REF! | H5: =COUNTIFS(#REF!,'※(요약)확정현황'!B5,#REF!,"") -> #REF! | I5: =SUM(C5:H5) -> #REF! | J5: =(C5+D5+E5+F5+G5)/I5 -> #REF! | K5: =(C5+D5)/I5 -> #REF! | M5: =C5-C16 -> #REF! | N5: =D5-D16 -> #REF! | O5: =E5-E16 -> #REF! | P5: =H5-H16 -> #REF! | Q5: =I5-I16 -> #REF! | R5: =J5-J16 -> #REF! | S5: =K5-K16 -> #REF!
B6: 응용개발-공통뱅킹 | C6: =COUNTIFS(#REF!,'※(요약)확정현황'!B6,#REF!,"승인") -> #REF! | D6: =COUNTIFS(#REF!,'※(요약)확정현황'!B6,#REF!,"조건부승인") -> #REF! | E6: =COUNTIFS(#REF!,'※(요약)확정현황'!B6,#REF!,"거부") -> #REF! | F6: =COUNTIFS(#REF!,'※(요약)확정현황'!B6,#REF!,"거부-이관") -> #REF! | G6: =COUNTIFS(#REF!,'※(요약)확정현황'!B6,#REF!,"거부-통폐합") -> #REF! | H6: =COUNTIFS(#REF!,'※(요약)확정현황'!B6,#REF!,"") -> #REF! | I6: =SUM(C6:H6) -> #REF! | J6: =(C6+D6+E6+F6+G6)/I6 -> #REF! | K6: =(C6+D6)/I6 -> #REF! | M6: =C6-C17 -> #REF! | N6: =D6-D17 -> #REF! | O6: =E6-E17 -> #REF! | P6: =H6-H17 -> #REF! | Q6: =I6-I17 -> #REF! | R6: =J6-J17 -> #REF! | S6: =K6-K17 -> #REF!
B7: 응용개발-대응개발 | C7: =COUNTIFS(#REF!,'※(요약)확정현황'!B7,#REF!,"승인") -> #REF! | D7: =COUNTIFS(#REF!,'※(요약)확정현황'!B7,#REF!,"조건부승인") -> #REF! | E7: =COUNTIFS(#REF!,'※(요약)확정현황'!B7,#REF!,"거부") -> #REF! | F7: =COUNTIFS(#REF!,'※(요약)확정현황'!B7,#REF!,"거부-이관") -> #REF! | G7: =COUNTIFS(#REF!,'※(요약)확정현황'!B7,#REF!,"거부-통폐합") -> #REF! | H7: =COUNTIFS(#REF!,'※(요약)확정현황'!B7,#REF!,"") -> #REF! | I7: =SUM(C7:H7) -> #REF! | J7: =(C7+D7+E7+F7+G7)/I7 -> #REF! | K7: =(C7+D7)/I7 -> #REF! | M7: =C7-C18 -> #REF! | N7: =D7-D18 -> #REF! | O7: =E7-E18 -> #REF! | P7: =H7-H18 -> #REF! | Q7: =I7-I18 -> #REF! | R7: =J7-J18 -> #REF! | S7: =K7-K18 -> #REF!
B8: 응용개발-모바일 | C8: =COUNTIFS(#REF!,'※(요약)확정현황'!B8,#REF!,"승인") -> #REF! | D8: =COUNTIFS(#REF!,'※(요약)확정현황'!B8,#REF!,"조건부승인") -> #REF! | E8: =COUNTIFS(#REF!,'※(요약)확정현황'!B8,#REF!,"거부") -> #REF! | F8: =COUNTIFS(#REF!,'※(요약)확정현황'!B8,#REF!,"거부-이관") -> #REF! | G8: =COUNTIFS(#REF!,'※(요약)확정현황'!B8,#REF!,"거부-통폐합") -> #REF! | H8: =COUNTIFS(#REF!,'※(요약)확정현황'!B8,#REF!,"") -> #REF! | I8: =SUM(C8:H8) -> #REF! | J8: =(C8+D8+E8+F8+G8)/I8 -> #REF! | K8: =(C8+D8)/I8 -> #REF! | M8: =C8-C19 -> #REF! | N8: =D8-D19 -> #REF! | O8: =E8-E19 -> #REF! | P8: =H8-H19 -> #REF! | Q8: =I8-I19 -> #REF! | R8: =J8-J19 -> #REF! | S8: =K8-K19 -> #REF!
B9: 인프라 | C9: =COUNTIFS(#REF!,'※(요약)확정현황'!B9,#REF!,"승인") -> #REF! | D9: =COUNTIFS(#REF!,'※(요약)확정현황'!B9,#REF!,"조건부승인") -> #REF! | E9: =COUNTIFS(#REF!,'※(요약)확정현황'!B9,#REF!,"거부") -> #REF! | F9: =COUNTIFS(#REF!,'※(요약)확정현황'!B9,#REF!,"거부-이관") -> #REF! | G9: =COUNTIFS(#REF!,'※(요약)확정현황'!B9,#REF!,"거부-통폐합") -> #REF! | H9: =COUNTIFS(#REF!,'※(요약)확정현황'!B9,#REF!,"") -> #REF! | I9: =SUM(C9:H9) -> #REF! | J9: =(C9+D9+E9+F9+G9)/I9 -> #REF! | K9: =(C9+D9)/I9 -> #REF! | M9: =C9-C20 -> #REF! | N9: =D9-D20 -> #REF! | O9: =E9-E20 -> #REF! | P9: =H9-H20 -> #REF! | Q9: =I9-I20 -> #REF! | R9: =J9-J20 -> #REF! | S9: =K9-K20 -> #REF!
B10: 전문위원 | C10: =COUNTIFS(#REF!,'※(요약)확정현황'!B10,#REF!,"승인") -> #REF! | D10: =COUNTIFS(#REF!,'※(요약)확정현황'!B10,#REF!,"조건부승인") -> #REF! | E10: =COUNTIFS(#REF!,'※(요약)확정현황'!B10,#REF!,"거부") -> #REF! | F10: =COUNTIFS(#REF!,'※(요약)확정현황'!B10,#REF!,"거부-이관") -> #REF! | G10: =COUNTIFS(#REF!,'※(요약)확정현황'!B10,#REF!,"거부-통폐합") -> #REF! | H10: =COUNTIFS(#REF!,'※(요약)확정현황'!B10,#REF!,"") -> #REF! | I10: =SUM(C10:H10) -> #REF! | J10: =(C10+D10+E10+F10+G10)/I10 -> #REF! | K10: =(C10+D10)/I10 -> #REF!
B11: 총합계 | C11: =SUM(C5:C10) -> #REF! | D11: =SUM(D5:D10) -> #REF! | E11: =SUM(E5:E10) -> #REF! | F11: =SUM(F5:F10) -> #REF! | G11: =SUM(G5:G10) -> #REF! | H11: =SUM(H5:H10) -> #REF! | I11: =SUM(I5:I10) -> #REF! | J11: =(C11+D11+E11+F11+G11)/I11 -> #REF! | K11: =(C11+D11)/I11 -> #REF! | M11: =SUM(M5:M9) -> #REF! | N11: =SUM(N5:N9) -> #REF! | O11: =SUM(O5:O9) -> #REF! | P11: =SUM(P5:P9) -> #REF! | Q11: =SUM(Q5:Q9) -> #REF! | R11: =J11-J21 -> #REF! | S11: =K11-K21 -> #REF!
B13: <전주-9주차> | K13: 2/17 18시기준
B14: 개수 : 요구사항ID | C14: 검토상태 | I14: 총합계 (S = A+B+C+D+E) | J14: 진행율 (A+B+C+E)/S | K14: 수용율 (A+B)/S
B15: 행 레이블 | C15: 승인(개발가능) (A) | D15: 조건부승인(일부개발가능) (B) | E15: 거부(삭제) (C ) | F15: 거부-이관 ( E) | H15: 미정 (D)
B16: UXUI | C16: 72 | D16: 33 | E16: 28 | F16: 0 | H16: 71 | I16: 201 | J16: 0.65 | K16: 0.51
B17: 응용개발-공통뱅킹 | C17: 4 | D17: 0 | E17: 0 | F17: 0 | H17: 1 | I17: 5 | J17: 0.8 | K17: 0.8
B18: 응용개발-대응개발 | C18: 0 | D18: 0 | E18: 0 | F18: 0 | H18: 1 | I18: 1 | J18: 0 | K18: 0
B19: 응용개발-모바일 | C19: 4 | D19: 0 | E19: 0 | F19: 0 | H19: 0 | I19: 4 | J19: 1 | K19: 1
B20: 인프라 | C20: 26 | D20: 2 | E20: 0 | F20: 0 | H20: 1 | I20: 29 | J20: 0.97 | K20: 0.97
B21: 총합계 | C21: 106 | D21: 35 | E21: 28 | F21: 0 | H21: 74 | I21: 240 | J21: 0.7 | K21: 0.58

Sheet (참고)요구사항ID채번
B1: ** 요구사항ID채번시 업무별 아래규칙을 준수바랍니다. ** 관리위치 : \200.프로젝트표준\240.개발_양식템플릿\01.요구사항정의\NEW KB스타뱅킹구축-요구사항ID 채번규칙.xlsx
B2: 팀명 | C2: 업무대분류 | D2: 업무세분류 | E2: 요구사항ID범위 | F2: 비고 | H2: 팀명
B3: 전문위원 | C3: - | D3: - | E3: AP코드-10000 | F3: 요구사항ID증가는 10단위로 반영(추후 누락분 반영을 위한 최소간격 유지) | H3: 전문위원
B4: 인프라 | C4: - | D4: - | E4: AP코드-90000 | H4: 인프라
B5: 공통 | C5: 공통 | D5: 로그인/인증 | E5: AP코드-21000 | H5: 공통
B6: 공통 | D6: 계열사/외부연계 | E6: AP코드-22000 | H6: 뱅킹
B7: 공통 | D7: 기타 공통 | E7: AP코드-23000 | H7: 상품/외환
B8: 공통 | D8: 인증센터 | E8: AP코드-24000 | H8: 자산관리
B9: 공통 | D9: UX전문위원 | E9: AP코드-25000 | H9: 모바일
B10: 공통 | D10: 디자인 | E10: AP코드-26000
B11: 공통 | D11: 퍼블리싱 | E11: AP코드-27000
B12: 뱅킹 | C12: 조회 | D12: - | E12: AP코드-30000
B13: 뱅킹 | C13: 이체 | D13: - | E13: AP코드-31000
B14: 공통 | C14: 관리 | D14: - | E14: AP코드-40000
B15: 공통 | C15: 인증/보안 | D15: - | E15: AP코드-41000
B16: 뱅킹 | C16: 공과금 | D16: - | E16: AP코드-42000
B17: 상품/외환 | C17: 외환 | D17: - | E17: AP코드-50000
B18: 자산관리 | C18: 금융서비스 | D18: - | E18: AP코드-60000
B19: 자산관리 | D19: 자산관리 | E19: AP코드-61000
B20: 상품/외환 | C20: 상품 | D20: 상품라운지 | E20: AP코드-70000
B21: 상품/외환 | D21: 예금 | E21: AP코드-71000
B22: 상품/외환 | D22: 대출 | E22: AP코드-72000
B23: 상품/외환 | D23: 퇴직연금 | E23: AP코드-73000
B24: 상품/외환 | D24: 신탁/ISA | E24: AP코드-74000
B25: 상품/외환 | D25: 보험/공제 | E25: AP코드-75000
B26: 상품/외환 | D26: 펀드 | E26: AP코드-76000
B27: 상품/외환 | D27: 골드/주화 | E27: AP코드-77000
B28: 상품/외환 | D28: 청약/채권 | E28: AP코드-78000
B29: 상품/외환 | D29: 카드 | E29: AP코드-79000
B30: 공통 | C30: 고객센터 | E30: AP코드-80000
B31: 공통 | C31: 영업점 | E31: AP코드-81000
B32: 공통 | C32: 이벤트/마케팅 | E32: AP코드-82000
B33: 공통 | C33: 설정 | E33: AP코드-83000
B34: 공통 | C34: 알림함 | E34: AP코드-84000
B35: 모바일 | C35: 모바일웹 | E35: AP코드-85000
B36: 모바일 | C36: 다국어 | E36: AP코드-86000
B37: 모바일 | C37: 태블릿 | E37: AP코드-87000
B38: 모바일 | C38: 위젯 | E38: AP코드-88000

Sheet 감리제출용
A1: Biz요건ID | B1: Biz요건명 | C1: 요구사항구분 | D1: 생성단계 | E1: 상태구분 | F1: 출처 | G1: 요구사항ID | H1: 요구사항명 | I1: 기능/비기능요구사항 | J1: 사용자권한요구사항 | K1: 의뢰부서 | L1: 요구사항처리담당팀 | M1: 검토 상태 | N1: 검토의견 | O1: 변경요구사항ID | P1: 변경일 | Q1: 근기문서 | R1: 수행사 담당자 | S1: 업무상세 | T1: Tech그룹협의필요 대상여부(Y/N) | U1: Tech그룹 유관부서명 | V1: Tech그룹 담당자 | W1: 비고 | X1: IT 담당자 | Y1: ACE담당자 | Z1: 요건협의 미진여부(Y/N) | AA1: IT요건 세부협의 대상 | AB1: Native 협의 대상 | AH1: 요구사항추적표담당자 | AI1: 특이사항 | AJ1: 조건부승인 확정예정일자(YYYY-MM-DD)
A2: Biz-038 | B2: 로그인수단 | C2: 기능 | D2: 요구사항정의 | E2: 신규 | F2: 구축요건정의서 | G2: BFE-21000 | H2: 로그인방식 축소 | I2: - 로그인방식 개수 축소 ㅇ 모바일인증서(기본값, 지문&Face ID/패턴 지원), 공인인증서(지문/암호입력), ID/PW · 금융결제원 인증서 도입에 따른 적용 [0209] '- KB모바일인증서를 사용할수 없는 경우 ㅇ 금융인증서, 공동인증서를 먼저 노출할 수 있는 기능 필요(김민지D) | K2: 개인뱅킹플랫폼부 | L2: UXUI | M2: 승인 | Q2: 20210111_UXUI(공통)_회의록_로그인,인증 2차 요건협의_ver1.0.docx | R2: 이채우 | S2: 공통(로그인/인증) | T2: N | U2: N | X2: 김원용 수석/이상호 팀장/이정윤 대리/전동화 대리 | Y2: 박형준 차장 권장우 대리 | AB2: ● | AH2: 신재현이사
A3: Biz-013 | B3: ARS 추가인증 | C3: 기능 | D3: 요구사항정의 | E3: 신규 | F3: 구축요건정의서 | G3: BFE-21010 | H3: ARS인증 안내 멘트 시각화 | I3: - ARS인증 안내 멘트 시각화 ㅇ ARS 안내멘트 시각화 제시를 통한 사용자 편의성 제공 - ARS 인증 통화 시 안내창 팝업 표시 ㅇ ARS인증 통화 수신 시 인증번호 안내 창(팝업)을 휴대폰 화면 상단 표시 [0205] - 리브에 있는 interface 참고해서 진행. | K3: 개인뱅킹플랫폼부 | L3: UXUI | M3: 승인 | Q3: 20210205_UXUI(공통)_회의록_요구사항분석_로그인.인증.기타_ver1.0.docx | R3: 이채우 | S3: 공통(로그인/인증) | T3: N | U3: N | X3: 김원용 수석 | Y3: 박형준 차장 권장우 대리 | AB3: ● | AH3: 신재현이사
A4: Biz-039 | B4: 자동로그인 | C4: 기능 | D4: 요구사항정의 | E4: 신규 | F4: 구축요건정의서 | G4: BFE-21020 | H4: 자동로그인 추가 | I4: - 자동로그인 기능 신설 ㅇ 등록조건 · 휴대폰 기기 잠금설정 필수 (잠금설정 해제 시 자동로그인 자동해제) · 1인 1기기 정책(새 기기에 등록되면 기존 기기 자동로그인은 자동 해제) · 모바일인증서 사용자만 가능 · 자동로그인 설정기간 지정하여 재설정하도록 유도 (ex. 6개월 단위로 자동로그인 갱신) ㅇ 프로세스: 이용약관 동의 > 추가본인인증 (ARS/휴대폰 본인인증) > 가입완료 - 자동로그인 ON/OFF 설정 페이지(로그인 화면, 설정 메뉴) 제공 ㅇ 자동로그인 ON 설정시 모바일인증서 결제비밀번호(6자리) 1회 입력 후 가능 ㅇ 복수 아이디 사용자의 경우 사전 안내 공지 - 자동로그인 설정 시 소액 간편이체서비스 자동 가입 ㅇ 1일 이체 한도 : 이체시 1일 누적 200만원 이하 소액이체만 가능 ※ 現 ‘계좌뷰’ 기능 삭제에 따른 고객 불편 해소 검토사항 - 자동로그인 실패시 예외 처리 방법 논의 필요(앱을 종료할 경우 사용불가 상태에 빠짐) - 앱성능 향상을 위해 앱위변조 검증 단계 간소화에 대한 자동로그인 적용방법 논의 필요.(자동로그인에 한정된 사항은 아님) | K4: 개인뱅킹플랫폼부 | L4: UXUI | M4: 승인 | Q4: 20210111_UXUI(공통)_회의록_로그인,인증 2차 요건협의_ver1.0.docx | R4: 이채우 | S4: 공통(로그인/인증) | T4: N | U4: 정보보안플랫폼부 | V4: 이민욱 차장 | X4: 이상호 팀장/이정윤 대리/전동화 대리 | Y4: 박형준 차장 권장우 대리 | AB4: ● | AH4: 신재현이사
A5: Biz-014 | B5: 추가인증 방식 공통화 | C5: 기능 | D5: 요구사항정의 | E5: 신규 | F5: 구축요건정의서 | G5: BFE-21030 | H5: 거래별 추가인증 방식 공통화 | I5: - 추가인증 방식에 대한 각 거래별 공통화 적용(공통화면 사용토록 개선) ------------------------------------------------------ - 휴대폰 본인인증 공통화면 사용(단, 업무 프로세스상 별도 예외 필요시 제외) - 연락처 본인인증(AOS), ARS인증, 해외출국사실확인 3종 셋트를 기본으로 각 거래에서 필요한 방식 공통 적용 | K5: 개인뱅킹플랫폼부 | L5: UXUI | M5: 승인 | Q5: 20210205_UXUI(공통)_회의록_요구사항분석_로그인.인증.기타_ver1.0.docx | R5: 이채우 | S5: 공통(로그인/인증) | T5: N | U5: N | X5: 이상호 팀장/이정윤 대리/전동화 대리 | Y5: 박형준 차장 권장우 대리 | AH5: 권영순부장
A6: Biz-015 | B6: 연락처 본인인증 | C6: 기능 | D6: 요구사항정의 | E6: 신규 | F6: 구축요건정의서 | G6: BFE-21040 | H6: 연락처 본인인증 단계 간소화 | I6: - 연락처본인인증 단계 간소화 (AOS) ㅇ 추가인증단계 연락처 본인인증 선택시 시스템으로 검증작업 후 결과만 노출 · CRM 정보와 휴대폰 번호가 일치하는 경우, 전화번호 검증 팝업 없이 추가인증 진행 · 추가인증 팝업 화면 진입시 CRM정보와 휴대폰 번호일치여부 체크후 불일치 하는 경우 ‘연락처본인인증’ 버튼 미노출 --------------------------------- - CRM정보와 연락처 본인인증 번호가 일치하는 경우 추가인증은 자동인증 처리 방식으로 제공 | K6: 개인뱅킹플랫폼부 | L6: UXUI | M6: 승인 | Q6: 20210205_UXUI(공통)_회의록_요구사항분석_로그인.인증.기타_ver1.0.docx | R6: 이채우 | S6: 공통(로그인/인증) | T6: N | U6: N | X6: 이상호 팀장/이정윤 대리/전동화 대리 | Y6: 박형준 차장 권장우 대리 | AH6: 권영순부장
A7: Biz-049 | B7: 모바일 인증서 모듈화 | C7: 기능 | D7: 요구사항정의 | E7: 신규 | F7: 구축요건정의서 | G7: BFE-21050 | H7: 스타뱅킹 外 앱에서 모바일인증호출 | I7: - 스타뱅킹 外 앱에서 모바일인증서 호출시 App-in-App 형태 구동 (Native 앱 구조 변경사항) ㅇ 프로세스 변경 · As-is : 타 앱에서 모바일인증서 호출 시 App to App 형태로 스타뱅킹이 전면 활성화되어 연결 속도 저하 · To-be : 타 앱에서 모바일인증서 호출 시 App-in-App 형태로 구현 (스타뱅킹 자체는 로딩없이 비활성화하고 인증 화면만 반키패드 형태 노출) ㅇ 모바일인증서 연계 적용되는 타 앱/계열사 연동 개발 필요(마이머니, 리브, KB손해보험 등) - 당행 및 계열사 다른 앱에서 KB모바일인증서 구동 시 빠르고 자연스러운 인증화면 전환 ([목표] 카카오페이인증 보다 신속하게) [02/22] - 인트로화면 노출 후 모바일인증서 로그인 화면으로 진행되게 구현 - 연동로그인 화면이 현재 하이브리드 화면으로 구현되어 있음. -> TOBE에서는 네이티브 전환 검토(변경수정사항 발생시 앱배포 이슈 있음) -> 연계 화면별로 적용 가능여부 추가 검토 후 진행 | K7: 개인뱅킹플랫폼부 | L7: UXUI | M7: 승인 | Q7: 20210111_UXUI(공통)_회의록_로그인,인증 2차 요건협의_ver1.0.docx | R7: 박준규 | S7: 네이티브 | T7: N | U7: N | X7: 김원용 수석 | Y7: 박형준 차장 권장우 대리 | AB7: ● | AH7: 신재현이사
A8: Biz-040 | B8: 인증 화면 분리 | C8: 기능 | D8: 요구사항정의 | E8: 신규 | F8: 회의록 | G8: BFE-21070 | H8: 인증화면 분리 | I8: 공인인증서 로그인 시, 로그인 화면과 인증 화면 분리 필요(김민지 대리) ㄴ 두 화면이 중첩되므로 인해 생기는 이슈 다수 발생(ex. 공인인증서 인증서 로그인 → 대출 신청 → 로그인) | K8: 개인뱅킹플랫폼부 | L8: UXUI | M8: 승인 | Q8: 20210205_UXUI(공통)_회의록_요구사항분석_로그인.인증.기타_ver1.0.docx | R8: 이채우 | S8: 공통(로그인/인증) | T8: N | U8: N | X8: 이상호 팀장/이정윤 대리/전동화 대리 | Y8: 박형준 차장 권장우 대리 | AH8: 권영순부장
A9: Biz-205 | B9: 스타샷 기능 분리 | C9: 기능 | D9: 요구사항정의 | E9: 신규 | F9: 구축요건정의서 | G9: BFE-21080 | H9: 사고신고/해제, 증명서 발급-보안매체 | I9: - 스타샷과 변경/신고/재발급 각 동일 기능 메뉴 통폐합 ㅇ 등록/변경 : 중요증서 이용등록, 계좌비밀번호 변경, 출금 등록, 자동이체 등록/변경 등 (① 보안카드 등록, ② OTP등록, ③ 스마트 OTP등록, ④ 타기관 OTP등록, ⑤ OTP발급신청, ⑥ 계좌비밀번호 변경, ⑦ 계좌비밀번호 분실변경, ⑧ 이체한도 조회/변경, ⑨ 출금계좌 등록/해지, ⑩ 스마트창구출금 등록, ⑪ 스마트창구출금 해제, ⑫ 스마트ATM출금 등록, ⑬ 스마트ATM출금 해제, ⑭ 계좌간자동이체) ㅇ 사고신고/해제 : 보안카드, OTP, 통장/인감, 계좌 비밀번호, 인터넷뱅킹 등 사고신고 및 해제 (① 분실신고 제공, ② 보안카드 분실신고 해제, ③ 보안카드 일련번호 해제, ④ 보안카드 비밀번호 해제, ⑤ OTP분실신고, ⑥ OTP분실신고 해제, ⑦ OTP 비밀번호 해제, ⑧ 인터넷뱅킹 이용제한 해제, ⑨ 전화승인비밀번호 오류 해제, ⑩ 통장인감 분실신고, ⑪ 통장/인감 분실신고 해제, ⑫ 계좌비밀번호 변경, ⑬ 계좌비밀번호오류 해제) ㅇ 재발급 : ① 보안카드 재발급, ② OTP재발급, ③ 통장 재발급 '- 스타샷과 변경/신고/재발급 각 동일 기능 메뉴 통폐합 ㅇ 등록/변경 : 중요증서 이용등록, 계좌비밀번호 변경, 출금 등록, 자동이체 등록/변경 등 (① 보안카드 등록, ② OTP등록, ③ 스마트 OTP등록, ④ 타기관 OTP등록, ⑤ OTP발급신청, ⑥ 계좌비밀번호 변경, ⑦ 계좌비밀번호 분실변경, ⑧ 이체한도 조회/변경, ⑨ 출금계좌 등록/해지, ⑩ 스마트창구출금 등록, ⑪ 스마트창구출금 해제, ⑫ 스마트ATM출금 등록, ⑬ 스마트ATM출금 해제, ⑭ 계좌간자동이체) ㅇ 사고신고/해제 : 보안카드, OTP, 통장/인감, 계좌 비밀번호, 인터넷뱅킹 등 사고신고 및 해제 (① 분실신고 제공, ② 보안카드 분실신고 해제, ③ 보안카드 일련번호 해제, ④ 보안카드 비밀번호 해제, ⑤ OTP분실신고, ⑥ OTP분실신고 해제, ⑦ OTP 비밀번호 해제, ⑧ 인터넷뱅킹 이용제한 해제, ⑨ 전화승인비밀번호 오류 해제, ⑩ 통장인감 분실신고, ⑪ 통장/인감 분실신고 해제, ⑫ 계좌비밀번호 변경, ⑬ 계좌비밀번호오류 해제) ㅇ 재발급 : ① 보안카드 재발급, ② OTP재발급, ③ 통장 재발급 | K9: 개인뱅킹플랫폼부 | L9: UXUI | M9: 조건부승인 | N9: [0504]조건부승인->승인 변경 IA 및 현업 요건으로 최종 반영 | Q9: 20210122_UIUX(관리)_회의록_1차 요구사항분석_ver1.0.docx | R9: 이채우 | S9: 보안/인증 | T9: N | X9: 조형준 대리 | Y9: 이재민 대리 권장우 대리 | AH9: 권영순부장 | AJ9: 44320
A10: Biz-048 | B10: KB Pay | C10: 기능 | D10: 요구사항정의 | E10: 삭제 | F10: 회의록 | G10: BFE-22000 | H10: 앱 → 계열사 연계 | I10: - KB국민카드 Pay 서비스 연계(방식에 대한 추후 논의 필요) ㅇ 이용방식 : 충전식 선불카드 ㅇ 이용가능고객 : 만 14 이상 ~ 19세 고객만 사용 가능(은행 회원/비회원 모두 사용가능) ㅇ 회원가입 : 휴대폰본인확인 > 약관동의 > 회원가입 ㅇ 회원원장 : KB pay 회원가입을 전제(로그인 처리를 위한 은행 내부 별도 원장 체계 구축 필요) ㅇ 로그인 : KB pay 전용 로그인 화면 필요 ㅇ 서비스범위 : 잔액충전, 결재(KB pay 전 가맹점/온오프라인 포함), 송금(연락처) [확장형 플랫폼 논의사항] 위 요건인 선불카드, 회원가입 등은 제외 전용 로그인 화면 필요 제외(확정 필요) 최종 보고 결과 확인 필요. | K10: 개인뱅킹플랫폼부 | L10: UXUI | M10: 거부 | N10: [0420]BFE-17030과 중복 | Q10: 20201229_UXUI(공통)_회의록_로그인,인증,관리,메인, 계열사외부연계 관련 2차 요건협의_ver1.0.docx | R10: 이채우 | S10: 계열사/외부연계 | T10: N | U10: N | X10: 권희영 차장 | Y10: 조세형 과장 이재민 대리 | AH10: 권영순부장 | AI10: [0420]
A11: Biz-051 | B11: 계열사연계 | C11: 기능 | D11: 요구사항정의 | E11: 신규 | F11: 구축요건정의서 | G11: BFE-22010 | H11: KB APP 및 계열사 APP안내 페이지 개선 | I11: - KB APP 및 계열사 APP안내 페이지 개선 ㅇ APP 설치 유무에 따른 아이콘 표시 및 각 APP 클릭시 연동 되도록 구성 (SSO가능한 앱에 限) · 설치 대상 앱(계열사/당행) 아이콘 안내 및 설치여부 상태 시각적 구분 | K11: 개인뱅킹플랫폼부 | L11: UXUI | M11: 승인 | R11: 박준규 | S11: 계열사/외부연계 | T11: N | U11: N | X11: 권희영 차장 | Y11: 조세형 과장 이재민 대리 | AB11: ● | AH11: 권영순부장
A12: Biz-172 | B12: 알면 도움되는 스타뱅킹 서비스 | C12: 기능 | D12: 요구사항정의 | E12: 신규 | F12: 구축요건정의서 | G12: BFE-23000 | H12: 스타뱅킹 관련 안내 페이지 제공 | I12: - 스타뱅킹 관련 안내 페이지 제공 ㅇ KB 스타드림 서비스, 스타샷 촬영납부, 포인트리 골드전환, 스마트서류제출, 개인대출 금리인하요구권, 맞춤환전, 외환ATM 위치조회, 펀드자동환매서비스, 펀드정기지급서비스, 배달 콘텐츠, 증명서 발급, 국세/지방세 납부(As-is 이체 하위에 있던 내용) | K12: 개인뱅킹플랫폼부 | L12: UXUI | M12: 승인 | R12: 김효은 | S12: UI/UX | T12: N | U12: N | X12: N/A | Y12: 황인태 차장 정광환 대리 | AH12: 정찬민이사
A13: Biz-012 | B13: 비대면 실명확인 | C13: 기능 | D13: 요구사항정의 | E13: 신규 | F13: 구축요건정의서 | G13: BFE-23010 | H13: 비대면 실명확인 프로세스 개선 | I13: - 비대면 실명확인 절차 간소화 ㅇ 로그인 후 비대면 실명확인 수행한 경우, 동일 세션 內 추가 실명확인 대상 (2+1 거래)실행 생략 · 인증서 발급 등 거래에 따라 차등 적용가능 [0205] - 적용 제외 대상 업무는 개인뱅킹플랫폼부에서 상세화면 설계 중 업무단위로 확인, - 개별 업무에서 진행할 수 있게 공통개발팀에서 가이드 제공, 실제 적용은 해당 업무 개발팀에서 진행. | K13: 개인뱅킹플랫폼부 | L13: UXUI | M13: 승인 | Q13: 20210205_UXUI(공통)_회의록_요구사항분석_로그인.인증.기타_ver1.0.docx | R13: 박준규 | S13: 공통(기타) | T13: N | U13: N | X13: 이상호 팀장/이정윤 대리/전동화 대리 | Y13: 박형준 차장 권장우 대리 | AH13: 권영순부장
A14: Biz-016 | B14: CDD/EDD | C14: 기능 | D14: 요구사항정의 | E14: 신규 | F14: 구축요건정의서 | G14: BFE-23020 | H14: CDD/EDD | I14: - CDD/EDD메뉴 접근 후 ‘고객확인 등록’ 거래 진행시 ID로그인/비로그인 방식 추가 ㅇ '2+1 인증방식(휴대폰 본인인증, 신분증촬영, 본인명의 계좌검증)'을 통한 본인인증절차를 고려할 때 ID/PW, 비로그인시에도 가능하도록 개선 -------------------------- 고객 입력 주소 검증에 대한 부분 확인 필요(자금세탁방지부) [0205] - 프로세스 수정, 보완 건으로 진행 - 공통업무 요건이 아니며 개인뱅킹 업무 요건으로 진행. | K14: 자금세탁방지부 | L14: UXUI | M14: 승인 | Q14: 20210205_UXUI(공통)_회의록_요구사항분석_로그인.인증.기타_ver1.0.docx | R14: 이채우 | S14: 공통(기타) | T14: N | U14: N | X14: 이상호 팀장/이정윤 대리/전동화 대리 | Y14: 박형준 차장 권장우 대리 | AH14: 권영순부장
A15: Biz-017 | B15: 거래내역 저장 | C15: 기능 | D15: 요구사항정의 | E15: 신규 | F15: 구축요건정의서 | G15: BFE-23030 | H15: 거래내역 저장 | I15: - 계좌 거래내역 XLS/PDF 형식파일 저장 서비스 제공 ㅇ 입출금, 예·적금, 신탁, 펀드, 대출, 외화(보통/정기)예금, 퇴직연금 등 - 거래내역 E-mail 전송 서비스 제공 [0216] - 이메일전송서비스로 요건 보완 후 검토 진행 중 - 발송 용량(1만 바이트)에 따라 일반 메일 방식과 첨부파일 방식으로 구분 필요 - 대상 거래 확정 후 거래별 용량 산정, 정보보안 검토 등 진행 예정. [02/22] - 권장우 대리 쪽지 회신 내용. 1. 거래내역조회 상품별 테이블 현황 캡쳐자료 공유드립니다. [첨부파일 참조] (보험/공제는 확인전) 2. 마스킹여부: 현재도 마스킹처리되지 않음. 신한 쏠도 마스킹여부에 대해 고객 선택(필수X). 신한처럼 선택 가능하도록 제공 검토 3. 템플릿: 템플릿은 인터넷뱅킹 형식을 활용할 수 있는지 검토 4. 개발방식: 전문방식으로 개발하고 1만바이트 초과 시에는 조형준대리님쪽에서 체크하여 안내메시지 노출 후 이메일 발송 정상처리 (안내메일 예시: 거래내역 이메일 발송은 최대 XX건까지 가능합니다. 조회하신 모든 거래내역이 발송되지 않을 수 있습니다.) | K15: 개인뱅킹플랫폼부 | L15: UXUI | M15: 승인 | Q15: 20210216_UXUI(조회)_회의록_요구사항분석_거래내역이메일발송_ver1.0.docx | R15: 박준규 | S15: 조회 | T15: N | U15: 데이터분석플랫폼부 | V15: 김홍윤 수석 | X15: 조형준 대리 | Y15: 박형준 차장 권장우 대리 | AH15: 이정환부장
A16: Biz-018 | B16: 영수증 이미지 저장 | C16: 기능 | D16: 요구사항정의 | E16: 삭제 | F16: 구축요건정의서 | G16: BFE-23040 | H16: 영수증 이미지 저장 | I16: - 앱 內 영수증 이미지 저장/조회 기능 신규제공 ㅇ 대면 MyStar단말 영수증조회(10-70-002)거래 기능 앱 內 신설 · 단말(10-70-002) 거래 모두 해당 · 영업점 직원이 단말에서 종이영수증 발급 여부 선택 가능하도록 개선 ㅇ 비대면거래 내역(이체확인증) 기능 제공 --------------------------------- - 대면거래에 해당하는 영수증만 조회 - 외국환계산서, 무통장입금확인증, 예금 이자계산서(예금 해지시 등), 수수료 영수증(OTP/통장/제증명발급), 자동화기기(CD/ATM) 인출/송금 명세표, 자동이체신청 확인서(고객용), 전자금융거래신청확인서(고객용), 입출금통지서비스신청확인서, 집합투자증권추가매입/환매신청확인서 --------------------------------- 포함 대상 거래 확정 필요 - 조회 조건(최대 조회 기간 포함) - Push 알림 기능 필요 여부 [0205] - 대상 영수증에 대해 단말 거래에서 발급여부 설정을 위해서는 계정계 협의 등 추가 확인 필요. - 증빙자료로서 영수증 제공을 위해서는 워터마크 등 별도 기능 추가 필요. - 영수증 발급 대상 거래 및 개발범위 등 추가 확인 후 재협의. [0219] - 워터마크는 법률 사항과 관계 없음. 워터마크 출력은 가능. - 영수증 출력항목에 대해서는 세부 확인 필요. (각 현업 개별 협의, 확인 필요) [02/22] - 네이티브 개발요건 없음. | K16: 개인뱅킹플랫폼부 | L16: UXUI | M16: 거부 | N16: [0420]BFE-23041과 중복 [0222] 테크그룹 화상회의 영수증 발급이 아닌, 대면 납부 수수료 내역 조회 요건으로 진행 가능 확인. 조회 대상 거래가 모두 적재되고 있는지 확인 후 필요시 담당 IT 확인 후 추가 협의 진행. 조회 이미지 저장 요건 자체는 가능한 것으로 확인. 관련 단말거래 확인결과 1070-002 거래는 대면에서 발급한 영수증만 재발행하는 것으로 요구사항 불충족 10700-003 거래는 대면에서 발생한 수수료 내역을 조회하는 것으로 확인되어 해당 거래를 이용한 별도의 신규 요건으로 진행키로 협의함. | Q16: 20210205_UXUI(공통)_회의록_요구사항분석_로그인.인증.기타_ver1.0.docx | R16: 박준규 | S16: 공통(기타) | T16: Y | U16: 코어뱅킹1플랫폼부 | V16: 이향림 과장 | X16: N/A | Y16: 박형준 차장 권장우 대리 | AH16: 권영순부장 | AI16: [0420]
A17: Biz-019 | B17: 서식 view | C17: 기능 | D17: 요구사항정의 | E17: 신규 | F17: 구축요건정의서 | G17: BFE-23050 | H17: 서식 view | I17: - 약관/설명서/동의서 등 각종 서식 문서 Viewer 방식으로 변경 -------------------------------------------- - html 약관 사용 없이, 통합어드민 서식/약관자료실 파일 연동 처리로 모두 변경 -------------------------------------------- [0205] - ASIS 적용사항 TOBE에 적용. - 적용시 각 업무개발팀에서 진행. | K17: 개인뱅킹플랫폼부 | L17: UXUI | M17: 승인 | Q17: 20210205_UXUI(공통)_회의록_요구사항분석_로그인.인증.기타_ver1.0.docx | R17: 박준규 | S17: 공통(기타) | T17: N | U17: N | X17: 이상호 팀장/이정윤 대리/전동화 대리 | Y17: 박형준 차장 권장우 대리 | AH17: 권영순부장
A18: Biz-020 | B18: 공통 태그 라이브러리 | C18: 기능 | D18: 요구사항정의 | E18: 신규 | F18: 구축요건정의서 | G18: BFE-23060 | H18: 공통 태그 라이브러리 | I18: - 공통 태그 라이브러리 유형화 ㅇ 주소입력, 권유직원, 보안매체, 추가인증 등 요소별 태그 유형화하여 수정 및 운영 용이성 증대 [0205] - ASIS 영향도 없게 하고, 스타뱅킹 중 개인뱅킹 업무에만 적용 가능하게 구현. | K18: 개인뱅킹플랫폼부 | L18: UXUI | M18: 승인 | Q18: 20201224_UIUX(공통)_회의록_기타공통_1차 요구사항분석_ver1.0.docx | R18: 박준규 | S18: 공통(기타) | T18: N | U18: N | X18: 이상호 팀장/이정윤 대리/전동화 대리 | Y18: 박형준 차장 권장우 대리 | AH18: 권영순부장
A19: Biz-043 | B19: DIY | C19: 기능 | D19: 요구사항정의 | E19: 신규 | F19: 구축요건정의서 | G19: BFE-23070 | H19: DIY | I19: - 고객 Needs에 따른 DIY 기능 제공 (필요시 기존 스타뱅킹 거래, New스타뱅킹 사용) ㅇ 전체메뉴의 개인별 설정(필수 노출 메뉴는 수정 불가) ㅇ My메뉴, 생활금융 콘텐츠, 목표설정 등 화면에 설정 기능 제공 | K19: 개인뱅킹플랫폼부 | L19: UXUI | M19: 승인 | Q19: 20210205_UXUI(공통)_회의록_요구사항분석_로그인.인증.기타_ver1.0.docx | R19: 박준규 | S19: 개인화 | T19: N | U19: N | X19: 권희영 차장 | Y19: 조세형 과장 | AH19: 권영순부장
A20: Biz-050 | B20: 상담연계 | C20: 기능 | D20: 요구사항정의 | E20: 삭제 | F20: 구축요건정의서 | G20: BFE-23080 | H20: 서비스 불가시 상담거래 자동 연계 | I20: - 비대면 처리 불가시 상담거래 자동 연계 ㅇ 비대면 업무처리가 불가한 경우(오류메시지 등) 에러 표시 후 챗봇 상담연계 · 오류 메시지 2회 노출시 챗봇 화면으로 이동 ㅇ 비대면 업무처리 中 영업점 필수 업무 선택시 ‘스마트예약상담’ 거래연동 및 필요서류 안내 ----------------------------- - 에러메시지 內 상담전화가 표시되어 연결하는 경우 콜봇(SSO)이나 챗봇으로 연계 ----------------------------- | K20: 개인뱅킹플랫폼부 | L20: UXUI | M20: 거부 | N20: [0205] - 서비스 불가 상황에 대한 세부적인 정의 없이 상담거래 자동연계는 고객 불만 요소가 될 수 있음. - 자동연계 요건은 삭제하고, 오류 코드에 대한 분석 확인 후 특정 코드에 대한 조건 처리로 요건 추가. - 실제 연계 처리는 공통업무가 아닌 각 업무개발팀에서 진행. | Q20: 20210205_UXUI(공통)_회의록_요구사항분석_로그인.인증.기타_ver1.0.docx | R20: 박준규 | S20: 공통(기타) | T20: N | U20: 미래컨택센터추진단 | V20: 송윤종 수석 | X20: N/A | Y20: 박형준 차장 권장우 대리 | AH20: 권영순부장
A21: Biz-061 | B21: 금액 입력 별도 키패드 제공 | C21: 기능 | D21: 요구사항정의 | E21: 신규 | F21: 구축요건정의서 | G21: BFE-23090 | H21: 금액 입력 별도 키패드 제공 | I21: - 금액 숫자 키패드 커스텀 적용 ex. 금액 Short-cut 단위 추가('백', '천', '만') 등 / '5' > '만' 버튼 입력시 '50,000원' 입력 ------------------------- 커스텀 키패드 사용범위 확인 필요(숫자 입력용 공용 키패드로 개발 필요) | K21: 개인뱅킹플랫폼부 | L21: UXUI | M21: 승인 | N21: [0205] - 금액입력 전용 키패드와 숫자 입력 키패드 커스텀 개발 진행. | Q21: 20210205_UXUI(공통)_회의록_요구사항분석_로그인.인증.기타_ver1.0.docx | R21: 박준규 | S21: 네이티브 | T21: N | U21: N | X21: 김원용 수석 | Y21: 박형준 차장 권장우 대리 | AB21: ● | AH21: 신재현이사
A22: Biz-162 | B22: 챗봇 기능 고도화 | C22: 기능 | D22: 요구사항정의 | E22: 신규 | F22: 구축요건정의서 | G22: BFE-23100 | H22: 챗봇 기능 고도화 | I22: - 先 진행(챗봇 고도화) 프로젝트에서 수용이 어려울 경우 통합검색 요건으로 변경 가능 ----------------------------------------------------------------------------------------- - 통합검색 內 음성인식(오픈소스) 기능 연계 추가 ㅇ 음성을 통한 검색결과 동일 표출(음성 인식 후 결과에 대한 해당 화면 자동 이동 기능 제공) - 자연어 검색을 통한 상품, 이벤트, 마케팅, FAQ 내용 검색 결과 제공 ------------------------------------------------ 통합검색 요건으로 변경(자연어 처리에 대한 구체화 필요) | K22: 개인뱅킹플랫폼부 스마트상담부 | L22: UXUI | M22: 승인 | N22: [0205] - 챗봇기능 고도화는 별도 프로젝트로 진행하며 통합검색에 키워드 입력시 음성인식 기능 제공에 대한 요건. - OS레벨에서 제공하는 기능을 기반으로 제공되며, 복잡한 금융용어에 대한 인식율 저하는 있을 수 있음. - 통합검색 등 각 업무별 적용은 담당 업무개발팀에서 진행. | Q22: 20210205_UXUI(공통)_회의록_요구사항분석_로그인.인증.기타_ver1.0.docx | R22: 박준규 | S22: 공통(기타) | T22: N | U22: 미래컨택센터추진단 | V22: 송윤종 수석 | X22: 권희영 차장 | Y22: 박형준 차장 권장우 대리 | AH22: 권영순부장
A23: Biz-166 | B23: 어드민 | C23: 기능 | D23: 요구사항정의 | E23: 신규 | F23: 구축요건정의서 | G23: BFE-23120 | H23: 구동메시지 기능 강화 | I23: - 구동메시지 관련 메뉴 개선 ㅇ 메시지 등록/조회 편리하게 변경 ㅇ 특정 페이지이동URL기능 추가 ---------------------------------------------------------- [3월 3일 현업 ACE 요건] (1) 스마트폰 OS버전별 등록 조건 개선 (현행) 5.0.0/5.0.1 각각 등록 → (개선) 5.0대 버전 일괄등록, 5.1대 버전 일괄등록 등으로 버전 세분화 적용 OS 별 전체 일괄 등록 기능 추가 (2) 자주쓰는 메시지 선택 조건 신설 (현행) 메시지 매번 입력하여 적용 (개선) 직접입력/메시지 선택 구분, 메시지 선택 시 유형화된 메시지 중 선택 가능하도록 옵션 신설 자주쓰는 메시지 미리 셋팅 제공 | K23: 개인뱅킹플랫폼부 | L23: UXUI | M23: 승인 | N23: [0205] - 상세 요건에 대해서는 실무 사용자를 중심으로 추가 확인 필요. (by 개인뱅킹플랫폼부) | Q23: 20210205_UXUI(공통)_회의록_요구사항분석_로그인.인증.기타_ver1.0.docx | R23: 박준규 | S23: 공통(기타) | T23: N | U23: N | X23: 김원용 수석 | Y23: 박형준 차장 권장우 대리 | AB23: ● | AH23: 권영순부장
A24: Biz-003 | B24: FDS | C24: 기능 | D24: 요구사항정의 | E24: 신규 | F24: 구축요건정의서 | G24: BFE-23130 | H24: FDS 탐지 대상 거래 확대 | I24: 2. FDS 탐지 대상 거래 확대 · AS-IS : 로그인, 이체예비/본, 고객 연락처 정보변경(단말, 콜센터), 인증서 발급 거래 · TO-BE : 신용대출 신규, 고객 연락처 정보변경(KB모바일인증서 발급 과정 중 연락처 변경), 오픈뱅킹 이용기관 업무(잔액모으기, 이체 등), 추가인증거래 등의 대상 거래 추가 | K24: 정보보호부 | L24: UXUI | M24: 승인 | N24: [0205] - TOBE 대상 거래 확정 및 상세 개발범위 확인 완료. - 개별 업무에서 진행할 수 있게 공통개발팀에서 가이드 제공, 실제 적용은 해당 업무 개발팀에서 진행. | Q24: 20210205_UXUI(공통)_회의록_요구사항분석_로그인.인증.기타_ver1.0.docx | R24: 박준규 | S24: 공통(기타) | T24: N | U24: 정보보안플랫폼부 | V24: 이민욱 차장 | X24: 이상호 팀장/이정윤 대리/전동화 대리 | Y24: 박형준 차장 권장우 대리 | AH24: 권영순부장
A25: Biz-008 | B25: 중요메뉴 입력방법 탐지 강화 | C25: 기능 | D25: 요구사항정의 | E25: 삭제 | F25: 회의록 | G25: BFE-23150 | H25: 중요메뉴 입력방법 탐지 강화 | I25: - 중요메뉴 (이체 등) 입력 방법 탐지를 통한 스타뱅킹 이용 차단 ㅇ 이체 등 중요 메뉴에 대해 고객이 터치를 통한 입력 또는 마우스를 통한 입력여부를 판단하여 마우스를 통한 비정상 입력 거래 탐지 및 차단 (하나은행 적용중, 오픈소스로 공개되어 있으며 해당 소스 조사하여 제공예정) | K25: 정보보호부 | L25: UXUI | M25: 거부 | N25: [0420]AS-IS구현대상으로 중복삭제 [0205] - ASIS 구현 건으로 전환개발 대상. | Q25: 20210205_UXUI(공통)_회의록_요구사항분석_로그인.인증.기타_ver1.0.docx | R25: 박준규 | S25: 공통(기타) | T25: N | U25: 정보보안플랫폼부 | V25: 이민욱 차장 | X25: 이상호 팀장/이정윤 대리/전동화 대리 | Y25: 박형준 차장 권장우 대리 | AH25: 권영순부장 | AI25: [0420]
A26: Biz-178 | B26: 콜봇서비스 제공 | C26: 기능 | D26: 요구사항정의 | E26: 삭제 | F26: 회의록 | G26: BFE-23160 | H26: 콜봇서비스 추가 | I26: [스타뱅킹을 통한 콜봇서비스 제공] - 구현방안 1안) 모바일 App -> 앱내 콜봇 아이콘 -> 전화발신을 통한 콜봇 연계 2안) 모바일 App -> 앱내 콜봇 아이콘 -> 마이크 기능을 통한 콜봇 연계 [모바일 App > 모바일 마이크기능 활성화 음성발화 > 데이터 음성으로 변환 - App GW(Web-음성변환) > 콜봇 GW > STT > NLU/NLP > TTS] 2안)구축요건 검토 [0218] 해당 부서 프로젝트 진행 재검토 중으로 요건 삭제 여부 확인 중 <- 삭제처리협의완료 | K26: 스마트상담부 | L26: UXUI | M26: 거부 | N26: 관련 프로젝트에 대해 해당 부서에서 재검토 중으로 보류됨에 따라 요구사항 삭제 처리 | Q26: 20210224_UXUI(공통.기타)_회의록_요구사항분석_콜봇서비스추가_ver1.0.docx | R26: 박준규 | S26: 공통(기타) | T26: N | U26: 미래컨텍센터추진단 | V26: 김창영 수석 | X26: N/A | Y26: 박형준 차장 권장우 대리 | AH26: 권영순부장
A27: Biz-025 | B27: 중복, 유사 UI 공통화 | C27: 비기능 | D27: 요구사항정의 | E27: 신규 | F27: 회의록 | G27: BFE-23170 | H27: 중복, 유사 UI 공통화 | I27: 2개 이상의 업무에서 중복 또는 유사한 내용으로 구성된 컨텐츠, 서비스를 일관성 있게 구성하기 위한 UI 가이드 수립 및 적용 - 투자성향분석: 퇴직연금, 펀드, 신탁 등에서 진행되는 화면의 공통점과 차이점을 분석 후 가능한 공통화 진행. - 약관동의: 상품가입 외의 업무에서도 약관동의 관련 화면들의 유형을 분석 후 가능한 공통 가이드 적용. - 서비스 이용안내 팝업: 서비스 이용 및 시간 등에 대한 안내 시점 및 형태(팝업, 화면 내 안내메시지)에 대해 공통 가이드 적용. | K27: 개인뱅킹플랫폼부 | L27: UXUI | M27: 승인 | Q27: 20201228_UIUX(상품라운지)_회의록_2차 요구사항분석_ver1.0.docx BFE_UI및UX가이드.pptx 반영 | R27: 박준규 | S27: UI/UX | T27: N | U27: N | X27: N/A | Y27: 김민지 대리 | AH27: 정찬민이사
A28: Biz-044 | B28: 개인화 이미지 | C28: 기능 | D28: 요구사항정의 | E28: 삭제 | F28: 구축요건정의서 | G28: BFE-23200 | H28: 개인화 이미지 추가 | I28: - "피싱방지 이미지 (현재 웹/앱 공통)" 추가 ㅇ 개인화 이미지에 휴대폰에 저장되어 있는 사진 추가 기능 제공 | K28: 개인뱅킹플랫폼부 | L28: UXUI | M28: 거부 | N28: [0420]마이페이지로 변경(BFE-13030) 개인화 이미지(피싱방지 이미지)는 보안 솔루션이 적용된 관계로 추가 불가. 프로필 이미지 관련으로 신규 요건 등록 후 별도 검토 진행. | Q28: 20210208_UXUI(공통)_회의록_요구사항분석_네이티브_ver1.0.docx | R28: 박준규 | S28: 개인화 | T28: N | U28: 정보보안플랫폼부 | V28: 이민욱 차장 | X28: 이상호 팀장/이정윤 대리/전동화 대리 | Y28: 조세형 과장 | AH28: 권영순부장 | AI28: [0420]
A29: Biz-026 | B29: 첫화면 | C29: 기능 | D29: 요구사항정의 | E29: 삭제 | F29: 구축요건정의서 | G29: BFE-23210 | H29: 첫화면 구축 | I29: - 앱최초/재설치시 첫 화면(최초 1회) ㅇ 로그인하기, 회원가입하기 안내 · 로그인하기 : 모바일인증서 보유(TEE/USIM) 여부에 따라 분기처리 ⁎ 모바일인증서 보유시: 기본 로그인 진행 ⁎ 모바일인증서 미보유시: 모바일인증서 발급/재발급 프로세스 진행 · 회원가입하기 : One-stop 신규가입 프로세스 진행 - 로그인 후 재접속시 ㅇ 로그인 화면을 첫 화면으로 띄워줌 - 다국어 선택 제공(English Only) [0205] 다른 인증수단을 보유한 경우 등에 대한 추가 정책 확인 필요. | K29: 개인뱅킹플랫폼부 | L29: UXUI | M29: 거부 | N29: [0420]AS-IS기준으로 제공키로함 ASIS 기준으로 UIUX 변경 진행 | Q29: 20210225_UIUX(요구사항정의서)_회의록_요구사항 삭제 요건 협의_1.0.docx | R29: 박준규 | S29: 개인화 | T29: N | U29: N | X29: 이상호 팀장/이정윤 대리/전동화 대리 | Y29: 박형준 차장 권장우 대리 | AH29: 권영순부장 | AI29: [0420]
A30: Biz-045 | B30: 홈화면구성 | C30: 기능 | D30: 요구사항정의 | E30: 신규 | F30: 구축요건정의서 | G30: BFE-23220 | H30: 홈화면구성 | I30: - 고객편의 및 개인화 요소 최적화 ㅇ 개인화 문구 : 현재 방식 준용 ㅇ 알림아이콘 : ‘알림메시지’ 표시(알림함 상세 내용 진입전은 뱃지 노출, 상세 진입 후에는 뱃지 미 노출) ㅇ 주사용계좌 : 최대 3개(당행/오픈뱅킹 등록계좌), 거래내역조회, 이체(최근이체내역 5건 표시), 계좌 설정 -> 대표계좌 5개로 설정(상품관리 > 계좌 > 대표계좌설정 메뉴에서 설정된 계좌 노출) · 최근이체내역(성명, 금액) 영역 터치시 이체 화면으로 이동 및 이체 정보 셋팅 -> 최근이체내역은 최대 8개 노출(최근 3개월 기준) -> 최근이체건중 즉시이체건인 경우 즉시이체로, 연락처이체인 경우 연락처이체로 거래 이동 ㅇ 챗봇(검색) 영역 -> 챗봇은 메인 하단 풋터 영역의 챗봇/상담 메뉴 제공 ㅇ 맞춤콘텐츠 : 쉽게 해결하는 뱅킹서비스(제신고 메뉴 모음), 알면 도움되는 스타뱅킹 서비스(생활형 콘텐츠 모음) -> 고객맞춤 메뉴 및 쿠레이션 서비스를 통해 개인화 맞춤 서비스를 제공함. ㅇ 전체메뉴 및 이벤트 배너영역 ※ 구성안에 따라 변경 가능 | K30: 개인뱅킹플랫폼부 | L30: UXUI | M30: 조건부승인 | N30: [0504]조건부승인->승인 (메인 및 큐레이션 설계서 요건 반영) | R30: 박준규 | S30: 메인 | T30: N | U30: N | X30: 권희영 차장/김성학 과장 | Y30: 조세형 과장 | AH30: 권영순부장 | AJ30: 44320
A31: Biz-046 | B31: 쉽게 해결하는 뱅킹서비스 | C31: 기능 | D31: 요구사항정의 | E31: 삭제 | F31: 구축요건정의서 | G31: BFE-23230 | H31: 쉽게 해결하는 뱅킹서비스 | I31: - 홈화면 내 고객 원장정보 기반 맞춤형 메뉴/콘텐츠 자동제공 ㅇ 제신고 : 비밀번호 변경(비밀번호 4회초과 오류), 장기미사용이체제한해제, 분실신고 해제/재발급(보안카드/OTP,통장/인감,신용(체크)카드 등), 기타 원장 정보 기반으로 처리 가능한 업무 ㅇ 기타 : 상품 만기 알림, 연체알림, KB무보증약속드림론 안내, 미수령연금계좌 조회, FATCA 징구, 휴면예금 보유조회/환급, 잡이익(서민금융진흥원) 이전계좌 조회 등 ㅇ 타깃 그룹별 메뉴 : 큰글씨뱅킹, 학생증 체크카드 발급, 나라사랑카드 발급 등 ※ 맞춤형 조건 향후 추가 가능 [0217] 홈화면 내 알림요건과 개인화 요건으로 통합 여부 검토 요청함. → 조세형, 정광환 [0219] 타깃 그룹별 메뉴(학생증체크카드, 나라사랑카드 발급): 필요시 현업부서에서 대상 고객 적재 후 해당 고객에게 빠른거래 메뉴로 노출 | K31: 개인뱅킹플랫폼부 | L31: UXUI | M31: 거부 | N31: [0420]마이페이지와 채널요건과 중복 각 항목 요건 전문위원 과제 중 채널상세화 요건과 다수 중복되어 해당 요건으로 진행하고 본 요건은 삭제 | Q31: 20210223_UXUI(메인)_회의록_요구사항분석_쉽게해결하는뱅킹서비스_삭제_ver1.0.docx | R31: 박준규 | S31: 메인 | T31: Y | U31: N | X31: 권희영 차장/김성학 과장 | Y31: 조세형 과장 박형준 차장 권장우 대리 정관환 대리 최은정 과장 | AH31: 권영순부장 | AI31: [0420]
A32: Biz-053 | B32: 전체 메뉴 기능 개선 | C32: 기능 | D32: 요구사항정의 | E32: 신규 | F32: 구축요건정의서 | G32: BFE-23240 | H32: 전체메뉴 기능 개선 | I32: - 전체메뉴 UI/기능 개선 ㅇ 전체메뉴 내 주요 메뉴만 노출 · ‘더보기’ 버튼으로 숨은메뉴 보기확장 기능 · 메뉴별 '숨기기/보이기' 설정기능 추가 · 메뉴 보이기 미 추가한 경우더라도 타 경로로 해당 메뉴 첫 화면 진입시 전체메뉴에 자동 추가 ㅇMquics에서 필수/선택 노출에 대한 값으로 최초 전체메뉴 진입시 필수 메뉴 기본 노출 ㅇ 마이메뉴 : 고객 설정에 따른 즐겨찾기, 최근 사용 메뉴 노출 - 개인화 영역 노출 항목 ㅇ 고객명, 최근접속일시, 피싱방지 개인화메시지(프로필 이미지로 대체 확인), 홈 아이콘 - 검색 ㅇ전체메뉴 내 검색시 ASIS 메뉴.js 파일 대상 검색에서 TOBE 통합검색>메뉴검색 기능 적용 요청 사항. - 로컬 검색시에 비해 속도 저하 여부를 고려해야 함. -> 논의 경과 확인 후 전달(->김원용 수석) 2/22 - KB Pay 도입시 해당 사용자를 위한 별도 전체메뉴 제공 필요 ㅇ KB Pay 도입 범위 검토 확인 필요 ㅇ 2/17 확장형 플랫폼 과제 공유 후 요건 유효 확인 요청함. [02/22] KB Pay 관련 협의 완료 후 최종 확인 적용 [02/22] 프로필 이미지 노출 대상 제외로 확인(마이페이지에서만 서버 업로드 방식으로 제공) | K32: 개인뱅킹플랫폼부 | L32: UXUI | M32: 조건부승인 | N32: [0504]조건부승인->승인 (전체메뉴는 TO-BE 메뉴 구조도 기준으로 정리) | R32: 박준규 | S32: 네이티브 | T32: N | U32: N | X32: 김원용 수석 | Y32: 조세형 과장 이재민 대리 | AA32: Y | AB32: ● | AH32: 신재현이사 | AJ32: 44320
A33: Biz-054 | B33: 전체 메뉴 그룹핑 변경 | C33: 기능 | D33: 요구사항정의 | E33: 신규 | F33: 구축요건정의서 | G33: BFE-23250 | H33: 사용자 관점의 전체 메뉴 구성 | I33: - 사용자관점의 전체메뉴 구성 ㅇ 인덱스 메뉴 : 조회, 이체, 공과금, 상품, 외환, 관리, 금융서비스 ㅇ 빠른 메뉴 : 인증/보안, 고객센터, 영업점, 앱설정 * 상세구조는 IA구조도 참조 - IA 슬림화 확정 후 검토 진행 - UX전문위원 프로토타입 대상으로 진행 => 확정완료 | K33: 개인뱅킹플랫폼부 | L33: UXUI | M33: 승인 | N33: 기획상세 진행 | R33: 박준규 | S33: 네이티브 | T33: N | U33: N | X33: 김원용 수석 | Y33: 김민지 대리 | AB33: ● | AH33: 신재현이사
A34: Biz-009 | B34: UX/UI | C34: 비기능 | D34: 요구사항정의 | E34: 신규 | F34: 구축요건정의서 | G34: BFE-23280 | H34: UX/UI | I34: - 고객친화적인 설명과 직관적인 표현, 세련된 디자인 - Micro인터랙션 활용 - ‘New스타뱅킹’ 지원 OS 및 기종별 최적화된 UX/UI 적용 ㅇ 기기 해상도에 따른 텍스트/이미지 표시오류 최소화 -> 기준 해상도는 750 사이즈로 디자인 적용. 320 사이즈까지 퍼블리싱 대응 -> 이미지는 2배수까지만 적용 - ‘고객언어관리’ 시스템을 이용한 용어교정 - 백버튼에 대한 정의 및 공통 적용(바닥메뉴 사용 X) [02/22] 네이티브 요건은 백버튼에 대한 정의만 해당.(별도 논의 요청 -> 차주, 김원용 수석) | K34: 개인뱅킹플랫폼부 | L34: UXUI | M34: 승인 | Q34: BFE_UI및UX가이드.pptx 20210122_UIUX(공통)_회의록_OS, 해상도, KB금융체 등 요건 협의_ver1.0.docx | R34: 정찬민 | S34: 공통 | T34: N | U34: N | X34: 공통 | Y34: 김민지 대리 최은정 과장 | AB34: ● | AH34: 정찬민이사
A35: Biz-010 | B35: 디바이스 | C35: 비기능 | D35: 요구사항정의 | E35: 신규 | F35: 구축요건정의서 | G35: BFE-23290 | H35: 디바이스 | I35: - 태블릿&스마트폰 기기 지원 ㅇ 해상도 최적화 지원 -> 기준 해상도는 750 사이즈로 디자인 적용. 320 사이즈까지 퍼블리싱 대응 - 신규 폼팩터(폴더블 등)기기 출시시 빠른 UI/해상도 대응 --------------------------------------- - 테블릿 별도 레이아웃 지원 안함.(동일 레이아웃 제공) --------------------------------------- 디바이스별 (스마트폰 or테블릿)로 지원되는 메뉴 상이함 / AS-IS 와 동일하게 유지예정이므로 현행화면 선 파악 후, 설계 진행 [02/22] 디자인 확인(확정 후 전달 -> 김원용 수석) 네이티브 전용 화면들에 대해 태블릿 적용시 대상화면과 검토사항 정리완료 | K35: 개인뱅킹플랫폼부 | L35: UXUI | M35: 승인 | Q35: BFE_UI및UX가이드.pptx 20210122_UIUX(공통)_회의록_OS, 해상도, KB금융체 등 요건 협의_ver1.0.docx | R35: 정찬민 | S35: 공통 | T35: N | U35: N | X35: 김원용 수석 | Y35: 최은정 과장 | AB35: ● | AH35: 정찬민이사
A36: Biz-011 | B36: 앱접근성 | C36: 비기능 | D36: 요구사항정의 | E36: 신규 | F36: 구축요건정의서 | G36: BFE-23300 | H36: 앱접근성 | I36: - 앱접근성 준수(솔루션 점검 포함) --------------------------------------------------------------------------------------------- - AS-Is 솔루션 점검 대상 및 해당 솔루션이 적용된 화면 대상에 대해서는 현업 정리 후 접근성 테스트 예정 - New 스타뱅킹 접근성 점검 대상은 주요 거래를 중심으로 점검, 점검 대상은 추후 KB와 협의 후 결정 - 국문, 다국어 포함, 모바일 웹은 점검 대상 제외 - 점검 시점은 화면설계서 작성 전 접근성 컨설팅 진행, 퍼블리싱 개발 1차 전달 전 점검, 통합테스트 2차 시점에 접근성 점검 및 통합테스트 3차 시점에 적용 결과 점검 | K36: 개인뱅킹플랫폼부 | L36: UXUI | M36: 승인 | Q36: 앱 접근성 테스트 및 점검 결과서로 제출함(통테3차시점) 20210108_UIUX(접근성)_회의록_접근성 요건 협의_ver1.0.docx | R36: 정찬민 | S36: 공통 | T36: N | U36: N | X36: 공통 | Y36: 공통 | AH36: 정찬민이사
A37: Biz-047 | B37: 대출관련 알림 표시 | C37: 기능 | D37: 요구사항정의 | E37: 삭제 | F37: 회의록 | G37: BFE-23320 | H37: 대출관련 알림 표시 | I37: -[알림정보 표시] ㅇ 스타뱅킹 접속 시 고객이 인지하기 쉽도록 메인화면에 주요 알림표기개발 · 연체중인 채권 및 가상계좌 안내 - 삭제 · 이자납입예정일 안내(D-5 이내) - 알림요건에 포함 · 1개월 이내 만기일도래 안내 등 - 삭제 ㅇ Pop-up 및 캘린더 기능을 통한 제공 - 개인화 마이페이지에 반영(팝업은 제외) ㅇ 계좌상태 등을 컬러표기 하여 인식률 향상 - 별도 요건으로 이관 [0217] 홈화면 내 알림요건으로 통합여부 검토 요청함. <- 삭제처리키로 협의완료 | K37: 신용상담센터/박정태 | L37: UXUI | M37: 거부 | N37: [0420]ASIS기반영됨 개별 항목 알림요건 등에 이미 반영 | Q37: 20210225_UIUX(요구사항정의서)_회의록_요구사항 삭제 요건 협의_1.0.docx | R37: 박준규 | S37: 메인 | T37: N | U37: 코어뱅킹2플랫폼부 | V37: 전운봉 수석 | W37: 여신업무 | X37: 오의택 대리 | Y37: 조세형 과장 정광환 대리 | AH37: 권영순부장 | AI37: [0420]
A38: Biz-036 | B38: 팝업관리기능 | C38: 기능 | D38: 요구사항정의 | E38: 신규 | F38: 구축요건정의서 | G38: BFE-23330 | H38: 팝업관리기능개선 | I38: - 팝업 관리 기능 개선 ㅇ 현재 인터넷뱅킹에서만 동작하는 팝업기능을 모바일에서도 동작하도록 기능 개선 ------------------------------------ '- 인프라에서 프레임웍 진행 중 - Page ID를 사용하여 Popup Layer로 실행 - 상세화면설계시 Popup Layer 정의 필요 [02/22] 네이티브 관련 요건 포함(팝업 노출 구분을 위한 데이터 전달) | K38: 개인뱅킹플랫폼부 | L38: UXUI | M38: 승인 | Q38: 20210205_UXUI(공통)_회의록_요구사항분석_로그인.인증.기타_ver1.0.docx | R38: 박준규 | S38: 공통(기타) | T38: N | U38: N | X38: 김원용수석/이상호 팀장/이정윤 대리/전동화 대리 | Y38: 박형준 차장 권장우 대리 | AB38: ● | AH38: 권영순부장
A39: Biz-206 | B39: 프로필 이미지 등록 | C39: 기능 | D39: 요구사항정의 | E39: 삭제 | F39: 회의록 | G39: BFE-23400 | H39: 프로필 이미지 등록 | I39: 휴대폰에 저장되어 있는 사진을 등록하여 마이페이지와 전체메뉴 등에 개인 프로필 이미지로 노출 - 암호화 적용 대상 아님 - 프로필 이미지 파일 업로드에 따른 용량 산정 등 검토 필요. - 로컬 개인폰에만 노출되는 것으로 정리하여 파일 업로드 요건은 삭제(검토 확정 필요) [02/22] 최종 확인하여 조건부승인->승인여부 결정 (->김원용 수석에게 최종 전달) [02/22] 전체메뉴에서는 제공하지 않고, 마이페이지에서만 서버 업로드 방식으로 제공 결정(권장우 대리 쪽지 회신) | K39: 개인뱅킹플랫폼부 | L39: UXUI | M39: 거부 | N39: [0420]마이페이지로 변경(BFE-13030) 전체메뉴 요건만 삭제 처리함 | Q39: 20210208_UXUI(공통)_회의록_요구사항분석_네이티브_ver1.0.docx 20210407_UXUI(공통)_회의록_전체메뉴 설계 리뷰_네이티브_ver1.0.docx | R39: 박준규 | S39: 개인화 | T39: N | X39: 최진원 팀장 | Y39: 조세형 과장 | AA39: Y | AB39: ● | AH39: 권영순부장 | AI39: [0420]
A40: Biz-001 | B40: 개발모수 | C40: 비기능 | D40: 요구사항정의 | E40: 신규 | F40: 구축요건정의서 | G40: BFE-23500 | H40: 개발모수 | I40: - KB스타뱅킹 전체(요구사항 정의단계, 상세화 예정) | K40: IT디지털개발부 | L40: 응용개발-공통뱅킹 | M40: 승인 | Q40: BFE_요구사항추적표.xlsx에 요구사항별 도출된 프로그램목록 매핑처리함 | R40: 정지윤 | S40: 응용개발-공통뱅킹 | T40: N | U40: N | X40: 이득희 팀장 | Y40: N/A | AH40: 권영순부장
A41: Biz-002 | B41: 표준준수 | C41: 비기능 | D41: 요구사항정의 | E41: 신규 | F41: 구축요건정의서 | G41: BFE-23510 | H41: 표준준수 | I41: - 메타 등 은행 표준 준수 | K41: IT디지털개발부 | L41: 응용개발-공통뱅킹 | M41: 승인 | Q41: 메타표준 준수에 대한 AA상시검토결과서, DA상시검토결과서로 제출함 | R41: 정지윤 | S41: 응용개발-공통뱅킹 | T41: N | U41: N | X41: 이득희 팀장 | Y41: N/A | AH41: 권영순부장
A42: Biz-003 | B42: FDS | C42: 기능 | D42: 요구사항정의 | E42: 신규 | F42: 구축요건정의서 | G42: BFE-23520 | H42: FDS | I42: - 기 구현된 FDS 로그 정보 수집 및 거래제어 등 현행 서비스 구현사항 준용 ㅇ 로그인, 인증, 이체 등 ----------------------------------------------------------------------------------------------------------- - 전자금융사기 예방을 위한 FDS 로그수집항목 및 탐지대상 거래 확대 1. The K MCI 공통부에 수집되는 사용자(기기) 정보 등 수집대상 항목 확대 ※ IT서비스개발부(FDS 시스템)와 공동 개발 | K42: 정보보호부 | L42: 응용개발-공통뱅킹 | M42: 승인 | Q42: 20210120_업무공통_회의록_FDS 및 악성앱정보 요건 회의_Ver1.0.docx | R42: 정지윤 | S42: 응용개발-공통뱅킹 | T42: N | U42: 정보보안플랫폼부 | V42: 이민욱 차장 | X42: 이상호 팀장/이정윤 대리/전동화 대리 | Y42: N/A | AH42: 권영순부장
A43: Biz-006 | B43: 모바일앱 위변조 탐지 속도 개선 | C43: 기능 | D43: 요구사항정의 | E43: 신규 | F43: 회의록 | G43: BFE-23530 | H43: 앱위변조 탐지를 위한 서버인증 방식 개선 | I43: - 앱위변조 탐지를 위한 서버인증 방식 개선 ㅇ AS-IS : 서버통신(2회)을 통해 앱위변조 정책검증 및 탐지이력, 예외처리 ㅇ TO-BE : 앱위변조 탐지시에만 서버통신 방식으로 전환 · 앱내에서 위변조 탐지결과 정상일 경우에는 서버인증 Skip · 위변조 탐지시에만 서버에 로그 전송하여 서버통신 최소화, 탐지이력 관리 및 예외처리 수행 -------------------------------------------- '- 정보보호부의 요건으로 네이티브개발파트 및 정보부 이민욱차장님과 논의를 통해 진행 필요 | K43: 디지털금융부 | L43: 응용개발-공통뱅킹 | M43: 승인 | Q43: 20210208_UXUI(공통)_회의록_요구사항분석_네이티브_ver1.0.docx | R43: 권영순 | S43: 응용개발-공통뱅킹 | T43: N | U43: 정보보안플랫폼부 | V43: 이민욱 차장 | X43: 김원용 수석 | Y43: N/A | AB43: ● | AH43: 신재현이사
A44: Biz-007 | B44: 악성앱,원격앱탐지 강화 | C44: 비기능 | D44: 요구사항정의 | E44: 신규 | F44: 회의록 | G44: BFE-23540 | H44: 악성앱,원격앱탐지 강화 | I44: - 스타뱅킹 이용 시 탐지된 악성앱(원격제어,전화가로채기 등) 정보 FDS 로그수집 연동 (FDS 탐지룰 강화) ※ IT서비스개발부(FDS 시스템)와 공동 개발 필요 - 보이스피싱 이용 악성앱 및 공식 원격앱 탐지내역, 단말/고객정보, 저장/관리 메뉴 신규 (어드민) ※ 참고 : 2021년 1분기 악성앱 탐지 전용솔루션 도입 예정 | K44: 정보보호부 | L44: 응용개발-공통뱅킹 | M44: 승인 | N44: AS IS 반영 후 SR로 진행 | Q44: 20210208_UXUI(공통)_회의록_요구사항분석_네이티브_ver1.0.docx | R44: 정지윤 | S44: 응용개발-공통뱅킹 | T44: N | U44: 정보보안플랫폼부 | V44: 이민욱 차장 | X44: 김원용 수석 | Y44: N/A | AH44: 신재현이사
A45: Biz-037 | B45: 통계 | C45: 비기능 | D45: 요구사항정의 | E45: 신규 | F45: 구축요건정의서 | G45: BFE-23550 | H45: MyStar 단말 통계 개선 | I45: - New KB스타뱅킹 구축에 따른 개선사항 반영 - 자동로그인 사용자수, 알림동의 사용자수, 계열사 거래, 마이데이터 동의고객수, 빠른거래 이용고객수 등 신규, 추가되는 거래현황에 대한 통계 제공 - 페이지 변경 코드체계 반영 | K45: 디지털금융부 | L45: 응용개발-대응개발 | M45: 승인 | N45: Mystar단말 개선사항으로 범위외 업무, 추후 해당 업무팀에 개발의뢰 예정 | Q45: 20210407_프로젝트관리_회의록_분석설계단계말요구사항추적표 Mystar단말통계개선_V1.0.docx | R45: 정지윤 | S45: 응용개발-대응개발 | T45: N | U45: 데이터분석플랫폼부 | V45: 담당자확인필요 | X45: 구재근 수석 | Y45: 조세형 과장 | AH45: 지현동수석
A46: Biz-041 | B46: 모바일인증서 발급 시 CRM 변경시점 개선 | C46: 기능 | D46: 요구사항정의 | E46: 신규 | F46: 구축요건정의서 | G46: BFE-24000 | H46: 모바일인증서 발급 시 CRM 변경 시점 개선 | I46: - Only 모바일인증서 발급시 모바일인증서 발급 대상 기기와 고객정보상 휴대폰번호가 다른 경우 본인인증 절차가 완료된 시점에 '휴대폰번호' 변경 안내후 고객 선택에 따른 CRM업데이트 ㅇ To-be : 휴대폰 본인인증 > CRM 정보 불일치 > 본인인증 진행(3가지 중 택1) > 휴대폰 정보변경 예정 안내(계속진행 여부 확인) > CRM DB 업데이트(전화번호 변경안내 문자 발송) > 모바일인증서 발급 > 완료 ㅇ CRM 변경 불필요 시 고객정보 수정/확인 화면 생략 | K46: 개인뱅킹플랫폼부 | L46: UXUI | M46: 승인 | Q46: 20210205_UXUI(공통)_회의록_요구사항분석_로그인.인증.기타_ver1.0.docx | R46: 이채우 | S46: 인증센터 | T46: N | U46: N | X46: 손정우 대리 | Y46: 박형준 차장 권장우 대리 | AH46: 권영순부장
A47: Biz-055 | B47: Mini Asset Board | C47: 기능 | D47: 요구사항정의 | E47: 신규 | F47: 구축요건정의서 | G47: BFE-30000 | H47: Mini Asset Board 신설 | I47: - 공통 ㅇ 상품별/은행별/My계좌그룹별 보드 구성 ㅇ 모든 콘텐츠는 '자산관리 영역'으로 링크 연계 (자산관리 콘텐츠) - 상품별 ㅇ 계정별 잔액 & 전체 총액 현황 제시 (오픈뱅킹 데이터 포함) - 은행별 ㅇ 은행별 자산보유 현황 제시, 잔액모으기 기능 표출 - My계좌그룹별 ㅇ 고객이 설정한 계좌그룹별 총액 표출 ※ 구성항목 추후 변경 가능, 그래프 포함 제공 → [요건변경] 상단에 공통으로 1개의 board 제공 → 고객별 거래내역을 콘텐츠로 제공 → 콘텐츠는 자산관리 콘텐츠로 링크 연계 | K47: 개인뱅킹플랫폼부 | L47: UXUI | M47: 승인 | Q47: 20210128_UXUI(조회)_회의록_조회 1차 IT요건협의_ver1.0.docx | R47: 문지민 | S47: 조회 | T47: N | U47: 코어뱅킹1플랫폼부 | V47: -담당자확인필요 단, 수신업무팀은 계좌별만 제공 가능(최영철 수석, 강경엽 차장) 수신업무팀에서 취합은 하지 않음 오픈뱅킹은 수신업무팀 아님 | W47: 코어뱅킹2플랫폼부는 해당사항 없음 | X47: 권희영 차장/조형준 대리 | Y47: 박형준 차장 권장우 대리 | AH47: 이정환부장
A48: Biz-159 | B48: 접속방법 개선 | C48: 기능 | D48: 요구사항정의 | E48: 신규 | F48: 구축요건정의서 | G48: BFE-30001 | H48: 스타링크 접속방법 개선 | I48: - 스타링크 대상 고객 로그인 시 전계좌조회 화면에서 전용페이지 바로가기 표출되도록 개선 | K48: 개인뱅킹플랫폼부 | L48: UXUI | M48: 승인 | R48: 박준규 | S48: 메인 | T48: N | U48: N | X48: 권희영 차장 | Y48: 조세형 과장 | AH48: 권영순부장
A49: Biz-056 | B49: 전계좌조회목록 | C49: 기능 | D49: 요구사항정의 | E49: 신규 | F49: 구축요건정의서 | G49: BFE-30010 | H49: 전계좌조회 메인 수정 | I49: - Mini Asset Board 제공 - 상품별/은행별/My계좌그룹별 계좌 리스트 Sort조건 제공(조건에 따른 인덱스 제공) - 인덱스 분류에 따른 보유계좌 리스트 제시 + 마케팅영역 (전행 맞춤형 상품 추천로직-데이터분석부) 제공 - 상품별 ㅇ 인덱스 : 계정과목별 항목 제시 (보유 과목만 표시) ㅇ 계좌목록 : 카드형 정보 제공 (과목별 연계버튼 맞춤 제공) ※ 계좌별 연계 버튼 구성(안) 1)요구불: 이체 or 입금 / 2)거치식: 추가입금 / 3)적립식: 입금 / 4) 시장성예금: 입금(과목코드 07 아닐때만 입금 노출) / 5)신탁: 입금·추가입금 (기타인 경우 미노출) / 6)펀드: 추가입금, 일괄입금(포트폴리오) / 7)대출: 이자납부, 상환 / 8)외환: 입금 / 9)골드: 입금 / 10)보험·공제: 추가입금 / 11)퇴직연금: 입금 / 12)다른은행(오픈뱅킹): 이체(요구불 限) ㅇ 전용화면 보유 계좌의 경우 별도 표시 방식 및 연계 제공 ㅇ 하단 마케팅 영역 : 계정과목별 마케팅 상품 노출(전행상품추천시스템 비대면 전용 개발) - 은행별 ㅇ 은행별 클릭 시, 오픈뱅킹 미등록 고객은 우측에 오픈뱅킹 마케팅 영역 제시 ㅇ 인덱스 : 은행별 항목 제시 ※ 보유 중인 은행만 표시, 국민은행 → 가나다 → ABC 順 정렬 ㅇ 인덱스 최상단에 '다른은행 추가' 버튼으로 오픈뱅킹 등록 유도 ㅇ 계좌목록 : 은행별 → 계정과목별(상품별 리스트의 순서 준용) 순서로 제시 ㅇ 하단 마케팅 영역 : 마케팅 상품 노출(전행상품추천시스템 비대면 전용 개발) - 즐겨찾기 계좌 그룹 (고객 직접 설정 영역) ㅇ 인덱스 : 고객 설정 그룹관리 제목 & 그룹 추가(+) 버튼 ㅇ 최대 5개 그룹 설정 가능 / 그룹 삭제&추가 기능 부여 ㅇ 목록 : 1 Depth ~ 그룹 리스트 표출(각 리스트별 총 잔액) ㅇ 하단 마케팅 영역 : 앱 연계 배너 [0128] 당행/타행 카테고리 통합 - 카테고리 : 예적금, 펀드, 대출, 보험/공제, 외화, 골드, 신탁, 퇴직연금, 증권 - 오픈뱅킹 과목 : 입출금, 예적금, 펀드, 증권 - 리스트는 상품군을 default로 제공 - 예·적금 카테고리 : “입출금”, “예·적금” 분리 [0128] 즐겨찾기 계좌그룹은 대표계좌 메뉴에 중복되므로 요건 삭제 | K49: 개인뱅킹플랫폼부 | L49: UXUI | M49: 승인 | Q49: 20210128_UXUI(조회)_회의록_조회 1차 IT요건협의_ver1.0.docx | R49: 문지민 | S49: 조회 | T49: N | U49: 코어뱅킹1플랫폼부 | V49: -담당자확인필요 단, 수신업무팀은 계좌별만 제공 가능(최영철 수석, 강경엽 차장) 수신업무팀에서 취합은 하지 않음 오픈뱅킹은 수신업무팀 아님 | W49: 코어뱅킹2플랫폼부는 해당사항 없음 | X49: 조형준 대리 | Y49: 박형준 차장 권장우 대리 | AH49: 이정환부장
A50: Biz-056 | B50: 전계좌조회목록 | C50: 기능 | D50: 요구사항정의 | E50: 삭제 | F50: 구축요건정의서 | G50: BFE-30012 | H50: 전계좌조회 속도 개선 | I50: 해당페이지 진입 시, 모든 정보를 한번에 표출해야함에 따라 발생됨에 따라 기본적인 기능(가장 중요하게 표출해야하는 부분)만 표출하고, 나머지 정보는 단위지정 등에 대한 정책 및 화면설계 후 IT 부서와 논의 필요 | K50: 개인뱅킹플랫폼부 | L50: UXUI | M50: 거부 | N50: [0420][BFE-30010ㅣ전계좌조회 메인 수정] 내용과 중복되어, 삭제하는 것으로 협의함 | Q50: 20210122_UXUI(조회)_회의록_조회 3차 요건협의_ver1.0.docx | R50: 문지민 | S50: 조회 | T50: N | U50: N | X50: 조형준 대리 | Y50: 박형준 차장 권장우 대리 | AH50: 이정환부장 | AI50: [0420]
A51: Biz-160 | B51: 서비스 추가 | C51: 기능 | D51: 요구사항정의 | E51: 신규 | F51: 구축요건정의서 | G51: BFE-30013 | H51: 스타링크 서비스 추가 | I51: - 스타뱅킹內 스타링크 전용페이지 > 자산관리 서비스 > [포트폴리오 확인하기] 메뉴 추가하고 전담직원의 포트폴리오를 확인할 수 있도록 추가 ㅇ 해당 거래 인터넷뱅킹에 존재함 - 화상상담 예약 신청메뉴 추가 등 스타링크 고객군별 차별화된 메뉴 표출(as-is 스뱅 전환개발) (신규 요건 재 협의) - 어드민 개선 요건 ㅇ 전담직원 등록시 이름, 직원번호 입력하면 사진+자격사항 외부기관 연동되어 결과값 등록 되도록 개선 ㅇ 2단계 등록완료시 결재단계 개선, 삭제 or 홀딩 제한 완화 ㅇ 전담직원 일괄등록 기능 추가, 최대 100명 ㅇ 이벤트 등록 신규, CRM캠페인 등록화면과 기능 동일하게 개발 ㅇ 오늘의 할일, CRM연동 및 고객언어 순화 기능 개발 - 프론트 개선 요건 ㅇ 스타링크 메인화면 전면 개편(전담직원 포트폴리오 영역, 전담직원 메세지소통(콜단말연동)영역, 개인화영역, 오늘의할일, 자산관리팁) | K51: 개인뱅킹플랫폼부 | L51: UXUI | M51: 조건부승인 | N51: [0504]조건부승인->승인 (통합어드민요건추가협의완료) | Q51: 20210218_UIUX(스타링크)_회의록_IT_요구사항분석_Ver1.0.docx | R51: 이근정 | S51: 스타링크 | T51: Y | U51: 인사시스템/ 연수시스템/ 콜단말 | V51: ? | X51: 권희영 차장 | Y51: 조세형 과장 | Z51: Y | AH51: 권영순부장 | AJ51: 44320
A52: Biz-056 | B52: 전계좌조회목록 | C52: 기능 | D52: 요구사항정의 | E52: 삭제 | F52: 구축요건정의서 | G52: BFE-30014 | H52: 전계좌조회 개인화 마케팅 추가 | I52: 개인화된 마케팅 제공에 대한 범위(계좌와 관련된 범위로 구상중 이며, 그 외의 마케팅 요소는 고객에게 어필하기 어려울것으로 사려됨) 정책 필요 | K52: 개인뱅킹플랫폼부 | L52: UXUI | M52: 거부 | N52: [0420][BFE-30010ㅣ전계좌조회 메인 수정] 내용과 중복되어, 삭제하는 것으로 협의함 | Q52: 20210122_UXUI(조회)_회의록_조회 3차 요건협의_ver1.0.docx | R52: 문지민 | S52: 조회 | T52: N | U52: N | X52: 권희영 차장/김성학 과장 | Y52: 박형준 차장 권장우 대리 | AH52: 이정환부장 | AI52: [0420]
A53: Biz-057 | B53: 즐겨찾기 계좌 그룹 | C53: 기능 | D53: 요구사항정의 | E53: 신규 | F53: 구축요건정의서 | G53: BFE-30020 | H53: 즐겨찾기 계좌 그룹 상세 화면 제공 | I53: - 즐겨찾기 계좌 그룹 상세 화면 제공 ㅇ 그룹별 계좌 목록 및 총 금액 표시 · 모든 계정과목 그룹핑 가능(오픈뱅킹 포함) ㅇ 계좌 그룹 內 이체 기능 제공 · 계좌 리스트에서 Drag & Drop으로 옮겨담아 간편 이체기능 제공 (내계좌 간의 거래로 비밀번호 입력 X) · 출금활성화 계정과목 : 요구불 Only(외화계좌 제외, 다른 계정과목은 비활성화) · 출금 영역은 다계좌 지원 ※ 상세요건 추후 변경 가능 → [요건변경] 대표계좌 메뉴, 즐겨찾기 계좌그룹은 중복되는 기능으로 대표계좌 설정 요건은 유지하고 즐겨찾기 계좌그룹 요구사항 삭제. 계좌 그룹 내 이체 기능(드래그앤드랍 기능) 제공으로 요건 재정의. only 요구불 간 이체. → [검토사항] - 해당기능 추가시 '충전하기', '잔액모으기'와 중복되는 부분 정책 결정 필요. | K53: 개인뱅킹플랫폼부 | L53: UXUI | M53: 승인 | Q53: 20210128_UXUI(조회)_회의록_조회 1차 IT요건협의_ver1.0.docx | R53: 문지민 | S53: 조회 | T53: N | U53: N | X53: 조형준 대리 | Y53: 박형준 차장 권장우 대리 | AH53: 이정환부장
A54: Biz-058 | B54: 상품별 연계버튼 제공 | C54: 기능 | D54: 요구사항정의 | E54: 신규 | F54: 구축요건정의서 | G54: BFE-30030 | H54: 상품별 연계버튼 제공 | I54: - 전계좌조회 목록에서 계좌별 ‘더보기’ 변경 - 계좌관리 기능 ㅇ 공통 : 계좌번호 복사, 계좌숨기기, 자동이체 등록, 계좌별명관리 · 자동이체 등록은 등록가능한 계좌만 노출 · 계좌별명관리 기능은 요구불, 적립식, 거치식/시장성예금, 대출, 펀드, 신탁, 외환만 제공(타행은 등록 가능 계좌만) - 추가 연계 기능 제공 ㅇ 요구불 : QR코드 만들기, 스마트ATM출금, 계좌해지(보유계좌 1개인 경우 미노출) ㅇ 예/적금 : 계좌해지 ㅇ 신탁 : 해지(특정금전신탁, 일임형 ISA), 운용현황(일임형 ISA), 운용지시(신탁형 ISA) ㅇ 펀드 : 환매신청, 펀드관리, My 펀드진단 ㅇ 대출 : 금리산정 내역조회 ㅇ 퇴직연금 : 기간별 수익률 조회 ㅇ 다른은행 : 잔액모으기, 계좌등록 해제 ※ 계좌관리 기능 추후 변경 가능 - 거래기간 설정 (펼치면 검색 기능 제공) | K54: 개인뱅킹플랫폼부 | L54: UXUI | M54: 승인 | Q54: 20210128_UXUI(조회)_회의록_조회 1차 IT요건협의_ver1.0.docx | R54: 문지민 | S54: 조회 | T54: N | U54: 코어뱅킹1플랫폼부 | V54: -담당자확인필요 단, 수신업무팀은 계좌별만 제공 가능(최영철 수석, 강경엽 차장) 수신업무팀에서 취합은 하지 않음 신탁연금팀중 신탁상품 안종현 수석 신탁연금팀중 퇴직연금 김상석 차장 신탁연금팀중 펀드 채승훈 차장 대출-이혜경 팀장(코어2부) 외국환-공동희 팀장(코어2부) | W54: 코어뱅킹2부는 해당사항 없음 | X54: 조형준 대리 | Y54: 박형준 차장 권장우 대리 | AH54: 이정환부장
A55: Biz-059 | B55: 거래내역 조회 개선 | C55: 기능 | D55: 요구사항정의 | E55: 신규 | F55: 구축요건정의서 | G55: BFE-30040 | H55: 거래내역 조회 UI 개선 | I55: - 요구불 거래내역 조회 개선 ㅇ 요구불 거래내역조회 화면 內 "입/출금 추이 차트" 제공 : 입출금 추이차트는 현행과 같이 거래내역조회 내 메뉴기능으로 제공 ㅇ 메모 기능 추가(기존 모바일통장 조회 기능 內 메모 기능 동기화 필요) · 「모바일통장 조회」 메뉴 삭제 · 스타알림 內 '메모' Data는 미적재 - 거래별 세부정보 내역 제공 ㅇ 거래내역별 거래내역(다운로드&공유) 기능 제공 ㅇ 거래내역별 상세 정보 제공 · ex. 일반 입출금 : 입출금 상세정보 (※ 카뱅 참조), 카드 결제내역 : 해당결제금액 정보 + 당월 소비항목 Top3 정보 + 이용내역 전체보기 + 마케팅 배너, 대출이자 출금 : 해당 납입이자금액 정보 + 우대금리 항목(금리우대 적용조건 부합여부 체크), 통신요금 출금 : 해당 출금 통신금액 정보 + 최근 3개월 통신요금 출금내역 + Liiv M 마케팅 영역 (마케팅 예 : "최저가 통신요금보다 통신비가 비쌀 경우요금정보 변경에 따라 관리) 등 - 거래내역 & 계좌상세 탭 제공 (Default는 거래내역 제공) - 거치식/적립식 거래내역 등 계좌별 거래내역 화면 구성 요소 변경 - 계좌별 거래내역 內 연관 거래 버튼 재정리 ------------------------------ [0128] 거래내역다운로드는 공통 요구사항 내용으로 반영하여 진행 [0128] 거래별 상세내역 - default 제공하는 항목 정하고, 계열사 정보 등 특수 케이스 분류하여 유형화. - 계열사에서 받을 수 있는 데이터와 거래내역에 실시간으로 불러오는지 확인 필요 [0128] 입출금 추이차트 제공 - 거래내역조회 화면에서 제공하지 않고, As-Is와 같이 더보기 메뉴에서 제공 유지. - 자산관리에서 관련 요건 결과에 따라 해당 페이지에 반영. [0223] 테크그룹 협의 내용 계열사 관련 화면 api 제공 : 가능 ※ FBS, CMS 각 계열사 기관코드별 현재 누락된 맵핑된 코드를 강현우 대리에서 생성해주고 강경엽차장님이 어떤계열사 거래인지 구분 가능(해당 구분된 값으로 API연동화면 노출 필요) | K55: 개인뱅킹플랫폼부 | L55: UXUI | M55: 승인 | Q55: 20210128_UXUI(조회)_회의록_조회 1차 IT요건협의_ver1.0.docx | R55: 문지민 | S55: 조회 | T55: N | U55: 코어뱅킹1플랫폼부 | V55: 강경엽 차장 | X55: 조형준 대리 | Y55: 박형준 차장 권장우 대리 | AH55: 이정환부장
A56: Biz-059 | B56: 거래내역 조회 개선 | C56: 기능 | D56: 요구사항정의 | E56: 신규 | F56: 구축요건정의서 | G56: BFE-30041 | H56: 거래내역 조회 메모 기능 강화 | I56: 메모관련 기능 - 기존 요구사항 정의서 내, 메모관련 기능은 1안(최근 1년치 거래내역을 서버에 이중관리하여 최근 1년치에 대해서만 메모를 관리)으로 확정되었지만, 회의 과정에서 1안과 2안(거래내역원장에 메모를 구분코드로 관리 (예) 01 : 월세, 02:카드값 등 코드를 선택해서 관리))을 병합한 방향으로 의견 모아짐 - ‘1년치 메모’ 기준 정의(= 전체 데이터 중, 최근 1년치 데이터만 불러오는 것) - 현재 ‘모바일 통장’ 內 메모를 입력할 수 있는 기능 제공 중이나, 깊은 뎁스로 인한 접근성 저하 (설계시 고려필요) ㄴ‘모바일 통장’ 화면에 있는 메모기능을 불러오는것에 대한 논의를 진행했지만, 아직 확정되지 않은 상태임 → 개별 거래내역에 자유메모 기능 제공, 메모검색은 제공하지 않음 | K56: 개인뱅킹플랫폼부 | L56: UXUI | M56: 승인 | Q56: 20210128_UXUI(조회)_회의록_조회 1차 IT요건협의_ver1.0.docx | R56: 문지민 | S56: 조회 | T56: N | U56: 코어뱅킹1플랫폼부 | V56: 강경엽 차장 | X56: 조형준 대리 | Y56: 박형준 차장 권장우 대리 | AH56: 이정환부장
A57: Biz-059 | B57: 거래내역 조회 개선 | C57: 기능 | D57: 요구사항정의 | E57: 신규 | F57: 구축요건정의서 | G57: BFE-30042 | H57: 거래내역 상세 화면 개선 | I57: 거래내역 & 계좌 상세탭 제공 - 러프하게 잡은 방향이긴 하지만, 가장 중요한 부분 / 해당 기능에 대한 심도 깊은 고민 필요 - 신규로 도입되는 기능(현재 제공 X) - 모든 상세정보 노출될 필요 없음 / 스뱅에서 현재 제공되고있는 정보와 추가로 제공되어야할 정보는 현업쪽 확인 후 수급 예정(현업→기획) - 어떤 마케팅을 추가로 고려할 수 있는지에 대한 고민 필요 - 진입방식에 대한 고민필요(‘상세계좌조회 FLOW와 중첩되는 화면이 있으므로 설계시 이와 관련한 UI 구성필요) ㄴex) 전체계좌조회 → 상세계좌조회 → 계좌상세(전용화면 & 연계 Page) → [요건변경] 해당 요건은 거래내역 상세화면요건과는 관련이 없음. 계좌조회 시 요구불 계좌의 별도 관리메뉴기능에 대한 요건으로 추가. | K57: 개인뱅킹플랫폼부 | L57: UXUI | M57: 승인 | Q57: 20210128_UXUI(조회)_회의록_조회 1차 IT요건협의_ver1.0.docx | R57: 문지민 | S57: 조회 | T57: N | U57: N | X57: 조형준 대리 | Y57: 박형준 차장 권장우 대리 | AH57: 이정환부장
A58: Biz-059 | B58: 거래내역 조회 개선 | C58: 기능 | D58: 요구사항정의 | E58: 신규 | F58: 구축요건정의서 | G58: BFE-30043 | H58: 거래내역 조회 UI 구성 | I58: 1. 타행 거래내역 조회 설계시 고려사항 - 주요 고려사항은 다음과 같음 ① 타행 최근 6개월간 조회 가능하며 검색 불가 ② 메모기능 제공 X ③ 예·적금 UI 다르게 구성 -> 당타행 구현 기능 구분 정리 필요(현업 & 기획) 2. 전용화면이 있는 상품들은 ‘연계버튼’ 삽입시의 UI 고려 필요 ㄴ전용화면이 따로 존재하는 이유는 1)비대면 전용상품인경우 이거나, 2) 상품의 특별한 Task가 있는 경우 ->요건이 아닌 고려사항으로 삭제 고객별 전체 거래내역 -> 정보개발부에서 개발 중으로, 거래내역조회와는 별도로 진행되는 건임 - 정보 개발부에서 API형태로 고객에게 보여줄 수 있는 상태로 개발 진행 중 ㄴ 개발 진행상황 확인 후, 적용여부 확정예정 - 상기 개발건을 스뱅에 도입할 경우, 고객기준으로 소팅하는 방향 고려 ㄴ 계좌별로 내역을 보는 방식이 아니라, 시간별 전체 거래내역을 확인할 수 있어, 나의 계좌관리내역을 파악하는데 보다 용이 (사용성측면에서 좋을 것 같다는 현업 의견) ㄴ해당화면(전체계좌조회)화면에서 해당기능 제공 어려울 시, MY페이지 혹은 알림 기능을 통해 헤당 정보를 제공하는 방향도 고려중에 있음 * 신한 SOL에서 현행중인 기능 (신한은 별도의 화면에서 해당 정보 제공 中) - 당행/타행/통합/구분 등에 대한 관리는 확정된 부분이 없기에, 해당 부분 상세 논의 필요 → 정보개발부 진행 건 아닌 것으로 확인. 전계좌조회 화면 내 고객기준 거래내역 조회 제공(Timeline별 거래내역 조회) 고객별 거래내역 조회 구현 가능여부 [0223] 테크그룹 협의 내용 ㄱ객별 거래내역 조회 조건: 1년 이내 거래내역으로 한정, 검색기능 제공 불가 => 오픈뱅킹쪽과 탭은 분리하지만 한 화면 제공 예정으로 오픈뱅킹쪽 확인하여 기간 조정 필요 -> AS-IS 스타뱅킹 거래내역 조회 UI와 동일하게 구성 | K58: 개인뱅킹플랫폼부 | L58: UXUI | M58: 조건부승인 | N58: [0504]조건부승인->승인 | Q58: 20210128_UXUI(조회)_회의록_조회 1차 IT요건협의_ver1.0.docx | R58: 문지민 | S58: 조회 | T58: N | U58: 코어뱅킹1플랫폼부 | V58: 강경엽 차장 | X58: 조형준 대리 | Y58: 박형준 차장 권장우 대리 | AH58: 이정환부장 | AJ58: 44320
A59: Biz-059 | B59: 거래내역 조회 개선 | C59: 기능 | D59: 요구사항정의 | E59: 삭제 | F59: 회의록 | G59: BFE-30044 | H59: 결제와 거래내역 구분 | I59: 결제 내역과 거래내역 구분 - 네이버등와 같은 사이트와 같이 결제내역과 거래내역을 구분하여 구성하는 방향에 대한 논의 ㄴ 네이버 內 결제내역은 ‘검색’기능을 통한 상세조회가 불가하지만, 거래내역은 ‘검색’기능을 통한 상세조회 가능함 ㄴ 내역을 이와 같이 두 파트로 구분하게 된다면 찾고자하는 내역을 찾는데 보다 용이할 것으로 생각 (현업의견) ㄴㄴ현재 거래내역조회 화면 내, 검색 기능 존재 하지만, 상기 같은 결과 도출을 위해선 보다 고도화된 형태의 검색기능 필요 (현재는 키워드 검색 X → 키워드 검색 지원하는 형태) | K59: 개인뱅킹플랫폼부 | L59: UXUI | M59: 거부 | N59: [0420][BFE-30040ㅣ거래내역 조회 개선] 내용과 중복되어, 삭제하는 것으로 협의함 | Q59: 20210122_UXUI(조회)_회의록_조회 3차 요건협의_ver1.0.docxx | R59: 문지민 | S59: 조회 | T59: N | U59: N | X59: 조형준 대리 | Y59: 박형준 차장 권장우 대리 | AH59: 이정환부장 | AI59: [0420]
A60: Biz-052 | B60: 계열사연계 | C60: 기능 | D60: 요구사항정의 | E60: 신규 | F60: 구축요건정의서 | G60: BFE-30060 | H60: 전 계좌조회 '금융그룹'메뉴 변동 | I60: - 기존 전계좌조회 內 '금융그룹' 탭 삭제 → 별도 그룹 통합관리 페이지로 신설 ㅇ 접근경로 : 홈화면 및 전체메뉴 內 경로 제공 ㅇ 제공 콘텐츠 확대 : 상품 혜택, 통합포인트 관리, 계열사 주요 서비스 연결 등 ㅇ 기존 계열사 관련 콘텐츠 연결 : 스타드림, KB마에스트로 서비스 등 -> 전체계좌조회 서비스 구성은 AS-IS 서비스 구성과 동일하게 구성. - 카드(오픈API 방식) ㅇ 상단의 Swipe 방식으로 카드정보 노출(주요계좌 영역) · 이번달 결제 예정금액, 이용내역, 보유카드 목록, 포인트 조회 등 서비스 제공 (카드정보 없을 경우 추천카드 노출) · 결제버튼 제공 : 카드사 앱 ‘결제예정금액’ 페이지 이동 - 증권(오픈API 방식) ㅇ 상단의 Swipe 방식으로 증권 정보 노출(주요계좌 영역) · 시황정보(코스닥/코스피 지수 등), 총자산(보유주식), 계좌별 정보, 주식 잔고 조회, 주식체결내역조회 (보유계좌 없을 경우, 코스닥/코스피 지수 기본제공 및 증권연계계좌 상품 안내 노출) · 주식매매 버튼제공 : 증권사 앱 해당 페이지 이동 ※ 카드, 증권 앱으로 이동 시 한 앱에서 움직이는 듯한 느낌 최대한 구현 | K60: 개인뱅킹플랫폼부 | L60: UXUI | M60: 조건부승인 | N60: [0504]조건부승인->승인 기존 금융그룹 탭을 비욘드KB하위에 KB금융그룹 메뉴 추가 - 단, 계열사 컨텐츠 연결 관련해서는 계열사 협의 후 결정 | R60: 박준규 | S60: 계열사/외부연계 | T60: N | U60: N | X60: 권희영 차장 | Y60: 조세형 과장 이재민 대리 | AH60: 이정환부장 | AJ60: 44320
A61: Biz-060 | B61: 이체방식 통합 및 프로세스 개선 | C61: 기능 | D61: 요구사항정의 | E61: 신규 | F61: 구축요건정의서 | G61: BFE-31000 | H61: 이체방식 통합 | I61: - 이체방식 통합 ㅇ 다른은행 계좌 이체(즉시/예약) ㅇ 연락처 이체 ----------------------------------------------------------------- (요건추가) - 예약이체 : 단건만허용, 예약시간 1시간 단위로 적용 - 연락처 이체 : 즉시이체만 허용 | K61: 개인뱅킹플랫폼부 | L61: UXUI | M61: 승인 | Q61: 20210204_UIUX(이체)_회의록_ IT_요구사항분석_Ver1.0.docx | R61: 이근정 | S61: 이체 | T61: N | U61: N | X61: 조형준 대리 | Y61: 박형준 차장 권장우 대리 | AH61: 이정환부장
A62: Biz-060 | B62: 이체방식 통합 및 프로세스 개선 | C62: 기능 | D62: 요구사항정의 | E62: 신규 | F62: 구축요건정의서 | G62: BFE-31010 | H62: 단축이체 기능 삭제 | I62: - 단축이체 기능 삭제(As-is) ----------------------------------------------------------------- (요건변경) - 사용자만 단축이체 버튼 노출, 미사용자 비노출 - 등록된 단축이체 출금계좌가 다르거나 없을 시 노티 후 Default 계좌번호로 변경 - 완료페이지 더보기 내 간편등록 버튼 추가 - 단축이체 관리화면 이관(메뉴위치 관리) | K62: 개인뱅킹플랫폼부 | L62: UXUI | M62: 승인 | Q62: 20210204_UIUX(이체)_회의록_ IT_요구사항분석_Ver1.0.docx | R62: 이근정 | S62: 이체 | T62: N | U62: N | X62: 조형준 대리 | Y62: 박형준 차장 권장우 대리 | AH62: 이정환부장
A63: Biz-060 | B63: 이체방식 통합 및 프로세스 개선 | C63: 기능 | D63: 요구사항정의 | E63: 신규 | F63: 구축요건정의서 | G63: BFE-31020 | H63: 이체 프로세스 누적형 간소화 | I63: - 공통 ㅇ 한 화면 內 누적형 단계별 입력 UI로 변경 - (참고) 우리WON뱅킹 이체화면 ㅇ 예비거래(입력정보확인) 단계 팝업 식으로 노출 최소화 | K63: 개인뱅킹플랫폼부 | L63: UXUI | M63: 승인 | Q63: 20210204_UIUX(이체)_회의록_ IT_요구사항분석_Ver1.0.docx | R63: 이근정 | S63: 이체 | T63: N | U63: N | X63: 조형준 대리 | Y63: 박형준 차장 권장우 대리 | AH63: 이정환부장
A64: Biz-060 | B64: 이체방식 통합 및 프로세스 개선 | C64: 기능 | D64: 요구사항정의 | E64: 신규 | F64: 구축요건정의서 | G64: BFE-31030 | H64: 출금가능금액 즉시노출 개선 | I64: - 출금계좌 : 선택된 출금계좌의 잔액 & 출금가능금액 즉시 노출 ----------------------------------------------------------------- (요건변경) - 출금계좌 당행 Default 노출 - 타행은 팝업 리스트 내 비노출, 계좌 선택시 바닥페이에서 잔액 노출 | K64: 개인뱅킹플랫폼부 | L64: UXUI | M64: 승인 | Q64: 20210204_UIUX(이체)_회의록_ IT_요구사항분석_Ver1.0.docx | R64: 이근정 | S64: 이체 | T64: N | U64: N | X64: 조형준 대리 | Y64: 박형준 차장 권장우 대리 | AH64: 이정환부장
A65: Biz-060 | B65: 이체방식 통합 및 프로세스 개선 | C65: 기능 | D65: 요구사항정의 | E65: 신규 | F65: 구축요건정의서 | G65: BFE-31040 | H65: 내계좌로 이체 및 계좌번호 선택 개선 | I65: - 받는 분 ㅇ 내계좌 번호 수기입력 시에도 내계좌이체로 자동처리(비밀번호 X) ㅇ 계좌번호선택 : 자주쓰는계좌(★)→ 최근 거래내역 順 & 연락처 2개 탭만 제시 ----------------------------------------------------------------- (요건추가/변경) - 내계좌 기준, 당행 -> 타행(수기포함)이체시 비밀번호 생략 - 입금계좌 선택 항목 내 통합검색 기능 추가 (최근/자주/빠른/내계좌/연략처) - 자주쓰는계좌 관리화면 이관(메뉴위치 이체 -> 관리) * 자주쓰는계좌 등록/관리 내 그룹별 순서변경 및 오름차 Sorting 될 수 있도록 개선 - 최근거래내역 내 빠른이체는 아이콘으로 표기 | K65: 개인뱅킹플랫폼부 | L65: UXUI | M65: 승인 | Q65: 20210204_UIUX(이체)_회의록_ IT_요구사항분석_Ver1.0.docx | R65: 이근정 | S65: 이체 | T65: N | U65: N | X65: 조형준 대리 | Y65: 박형준 차장 권장우 대리 | AH65: 이정환부장
A66: Biz-060 | B66: 이체방식 통합 및 프로세스 개선 | C66: 기능 | D66: 요구사항정의 | E66: 신규 | F66: 구축요건정의서 | G66: BFE-31050 | H66: 최대한도 및 잔여한도 노출 개선 | I66: - 금액 ㅇ 금액 입력시 1일 및 1회 잔여이체한도 및 이체한도 초과여부 안내, 이체 가능금액 비교 체크 안내 ㅇ 잔액 초과 금액 입력시 예약이체로 전환 안내 (연락처송금 제외) ----------------------------------------------------------------- (요건변경) - 잔액조회 당/타행 모두 적용, 잔여이체한도 체크는 당행만 적용 (오픈뱅킹 거래 후 이체한도 체크가능) - 당행기준 잔액초과시 예약이체 전환 유도 - 다건/다계좌 예약이체 제외 | K66: 개인뱅킹플랫폼부 | L66: UXUI | M66: 승인 | Q66: 20210204_UIUX(이체)_회의록_ IT_요구사항분석_Ver1.0.docx | R66: 이근정 | S66: 이체 | T66: N | U66: N | X66: 조형준 대리 | Y66: 박형준 차장 권장우 대리 | AH66: 이정환부장
A67: Biz-060 | B67: 이체방식 통합 및 프로세스 개선 | C67: 기능 | D67: 요구사항정의 | E67: 삭제 | F67: 구축요건정의서 | G67: BFE-31060 | H67: 해시태그 이체 정보 등록/관리 추가 | I67: - 자주쓰는 금액 : 자주 쓰는 금액을 '해시태그(#)'로 Short-Cut 수기등록 제공 ㅇ 축의금 10만원으로 등록해 놓고, '#축의금' 누르면 10만원 바로 입력 & 내통장 표시내용에 '축의금' 입력 ㅇ 등록방법 : 이체완료 후 해당 금액 그대로 입력 ㅇ 관리화면 별도 신설 (자주쓰는 금액/내통장 표시내용 자동등록 및 설정 관리) ㅇ 자산관리 화면에서 태그별 모아서 보여주기 기능 지원 ----------------------------------------------------------------- (요건추가) 해시태그 관리화면 신설(메뉴위치 관리) | K67: 개인뱅킹플랫폼부 | L67: UXUI | M67: 거부 | Q67: 20210218_UIUX(이체)_회의록_5차 요구사항분석_Ver1.0.docx | R67: 이근정 | S67: 이체 | T67: N | U67: N | X67: 조형준 대리 | Y67: 박형준 차장 권장우 대리 | AH67: 이정환부장
A68: Biz-060 | B68: 이체방식 통합 및 프로세스 개선 | C68: 기능 | D68: 요구사항정의 | E68: 신규 | F68: 구축요건정의서 | G68: BFE-31070 | H68: 받는분/내통장 표시 적요 불러오기 기능 추가 | I68: - 받는 분 통장 표시 ㅇ 적요 선택 추가 (저장된 적요 불러오기) '- 내 통장 표시 ㅇ 예금주명 Default로 입력 (받는 분 계좌번호 정합성 사전 체크 후 적용) ㅇ 적요 선택 추가 (저장된 적요 불러오기) (사전 세팅된 값 (예: 식비, 통신, 생활용품 등)) ----------------------------------------------------------------- (요건추가) 받는분/내통장 별도 적요 관리화면 신설(메뉴위치 관리) | K68: 개인뱅킹플랫폼부 | L68: UXUI | M68: 승인 | Q68: 20210204_UIUX(이체)_회의록_ IT_요구사항분석_Ver1.0.docx | R68: 이근정 | S68: 이체 | T68: N | U68: 코어뱅킹1플랫폼부 | V68: 강경엽 차장 | X68: 조형준 대리/윤순영 차장 | Y68: 박형준 차장 권장우 대리 | AH68: 이정환부장
A69: Biz-060 | B69: 이체방식 통합 및 프로세스 개선 | C69: 기능 | D69: 요구사항정의 | E69: 신규 | F69: 구축요건정의서 | G69: BFE-31080 | H69: 이체완료 메모기능 추가 | I69: - 이체 완료 화면에 메모기능 추가 ----------------------------------------------------------------- (요건변경) 정형화된 메모 및 기타 자유입력 메모 코드 분류 | K69: 개인뱅킹플랫폼부 | L69: UXUI | M69: 승인 | Q69: 20210204_UIUX(이체)_회의록_ IT_요구사항분석_Ver1.0.docx | R69: 이근정 | S69: 이체 | T69: N | U69: 코어뱅킹1플랫폼부 | V69: 강경엽 차장 | X69: 조형준 대리/윤순영 차장 | Y69: 박형준 차장 권장우 대리 | AH69: 이정환부장
A70: Biz-063 | B70: 빠른이체 개선 | C70: 기능 | D70: 요구사항정의 | E70: 신규 | F70: 구축요건정의서 | G70: BFE-31110 | H70: 기본 이체서비스 내 빠른이체 기능 내제 | I70: - 빠른이체(기존서비스) : 빠른이체를 이체 메뉴 內 기능으로 구현 ㅇ 받는 분 계좌번호 리스트에 아이콘 표시 ㅇ 최근이체 옆 '등록' 버튼 선택 시 등록 화면으로 변경 · 화면이탈 없이 한 화면에서 기능 구현, 주의팝업 후 등록과정 진행 ----------------------------------------------------------------- (요건추가) - 빠른이체 관리화면 이관(메뉴위치 관리) - 이체시 최근거래내역 내 빠른이체는 아이콘으로 표기 - 완료페이지 더보기 내 간편등록 버튼 추가 | K70: 개인뱅킹플랫폼부 | L70: UXUI | M70: 승인 | Q70: 20210204_UIUX(이체)_회의록_ IT_요구사항분석_Ver1.0.docx | R70: 이근정 | S70: 이체 | T70: N | U70: N | X70: 조형준 대리 | Y70: 박형준 차장 권장우 대리 | AH70: 이정환부장
A71: Biz-064 | B71: 문자 기반 이체 | C71: 기능 | D71: 요구사항정의 | E71: 삭제 | F71: 구축요건정의서 | G71: BFE-31120 | H71: 문자 기반 이체 신설 | I71: - 문자 기반 이체 신설 ㅇ 1안) 문자 복사후 위젯에서 '이체하기' 선택 시 스타뱅킹 이체화면으로 이동 및 문자 복사내역 출력하여 이체 정보 셋팅 완료 ㅇ 2안) 위젯에서 스타뱅킹 연동없이 이체 실행(자동로그인 설정고객&위젯설정 고객) (※ 토스 위젯 참조) ㅇ 이체관련 문자 복사시 스타뱅킹 연동 알림 제공 [02/18] - Liiv에서 구현된 바와 같이 사용자가 은행/계좌번호를 복사한 후 스타뱅킹 구동 시 화면 하단에 toast 메시지 형식으로 이체 안내 메시지 노출 처리. 메시지 선택 시 이체 화면으로 바로 이동(autofill 처리 필수) - 위젯에서 이체 선택 시 해당 복사 정보는 autofill로 처리되어 노출될 수 있도록 구현 필요. | K71: 개인뱅킹플랫폼부 | L71: UXUI | M71: 거부 | N71: [0420]BFE-88030로 통합 기존 요건 삭제하고 2월 18일 협의 내용 신규 요건으로 분리 반영 | Q71: 20210127_UIUX(이체)_회의록_4차 요구사항분석_Ver1.0.docx | R71: 이상원 | S71: 위젯 | T71: N | U71: N | X71: 김원용 수석 | Y71: 박형준 차장 권장우 대리 | AH71: 신재현이사 | AI71: [0420]
A72: Biz-065 | B72: 이체결과조회 | C72: 기능 | D72: 요구사항정의 | E72: 신규 | F72: 구축요건정의서 | G72: BFE-31130 | H72: 이체결과조회 당행/타행 메뉴 통합 | I72: - "이체결과조회(당행 계좌용)"와 "다른은행 계좌 이체결과조회(오픈뱅킹용)" 메뉴 통합 (ex. Tap방식 or 라디오 버튼 구분) - 이체확인증 다운로드 기능 제공 | K72: 개인뱅킹플랫폼부 | L72: UXUI | M72: 승인 | Q72: 20210204_UIUX(이체)_회의록_ IT_요구사항분석_Ver1.0.docx | R72: 이근정 | S72: 이체 | T72: N | U72: N | X72: 조형준 대리 | Y72: 박형준 차장 권장우 대리 | AH72: 이정환부장
A73: Biz-066 | B73: 자동이체 | C73: 기능 | D73: 요구사항정의 | E73: 신규 | F73: 구축요건정의서 | G73: BFE-31140 | H73: 자동이체 메뉴 통합 | I73: - 자동이체 등록/조회/변경 GateWay제공 ㅇ As-is · 계좌간자동이체, 타행자동이체 : 이체 > 조회 >자동이체 조회 · 퇴직연금 : 퇴직연금 > 입금/자동이체 > 퇴직연금 자동이체 관리 > 조회 ㅇ To-be · [자동이체] 상위메뉴로 신설 후 > 자동이체 통합 [조회], [변경], [등록] · 자동이체 등록/ 조회 화면 통합 | K73: 개인뱅킹플랫폼부 | L73: UXUI | M73: 승인 | Q73: 20210204_UIUX(이체)_회의록_ IT_요구사항분석_Ver1.0.docx | R73: 이근정 | S73: 이체 | T73: N | U73: N | X73: 조형준 대리 | Y73: 박형준 차장 권장우 대리 | AH73: 이정환부장
A74: Biz-067 | B74: 오픈뱅킹 잔액모으기 | C74: 기능 | D74: 요구사항정의 | E74: 신규 | F74: 구축요건정의서 | G74: BFE-31150 | H74: 잔액모으기 일부 메뉴통합 및 이체결과조회 내 취소 기능 추가 | I74: - 잔액모으기 예약결과조회, 예약 관리 메뉴 통합 거래 제공 ㅇ 이체결과조회 內 즉시/예약으로 구분하여 취소 가능 거래 취소 기능 제공 | K74: 개인뱅킹플랫폼부 | L74: UXUI | M74: 승인 | Q74: 20210204_UIUX(이체)_회의록_ IT_요구사항분석_Ver1.0.docx | R74: 이근정 | S74: 이체 | T74: N | U74: N | X74: 조형준 대리 | Y74: 박형준 차장 권장우 대리 | AH74: 이정환부장
A75: Biz-175 | B75: 스타샷 기능 분리 | C75: 기능 | D75: 요구사항정의 | E75: 삭제 | F75: 구축요건정의서 | G75: BFE-31160 | H75: 촬영이체 | I75: - 촬영 이체 : 솔루션 고도화 후 이체 화면으로 이동 (※ QR 생성 기능 포함) | K75: 개인뱅킹플랫폼부 | L75: UXUI | M75: 거부 | Q75: 20210127_UIUX(이체)_회의록_4차 요구사항분석_Ver1.0.docx | R75: 이근정 | S75: 이체 | T75: N | U75: N | X75: 조형준 대리 | Y75: 김원주 차장 | AH75: 이정환부장
A76: Biz-175 | B76: 스타샷 기능 분리 | C76: 기능 | D76: 요구사항정의 | E76: 신규 | F76: 구축요건정의서 | G76: BFE-31170 | H76: 등록/변경, 자동이체/계좌간자동이체 | I76: - 스타샷과 변경/신고/재발급 각 동일 기능 메뉴 통폐합 ㅇ 등록/변경 : 자동이체 등록/변경, ⑭ 계좌간자동이체) (요건변경) 자동이체 조회/변경/해지 메뉴 내 통합 | K76: 개인뱅킹플랫폼부 | L76: UXUI | M76: 승인 | Q76: 20210218_UIUX(이체)_회의록_5차 요구사항분석_Ver1.0.docx | R76: 이근정 | S76: 이체 | T76: N | U76: N | X76: 조형준 대리 | Y76: 권장우 대리 | AH76: 이정환부장
A77: Biz-164 | B77: 통합ID 계정전환 | C77: 기능 | D77: 요구사항정의 | E77: 신규 | F77: 구축요건정의서 | G77: BFE-40010 | H77: 모바일인증서 연결ID | I77: - 복수 ID계정전환 버튼 제공 ㅇ 다른 ID로 자유로운 계정 전환 기능 부여(본인계정 限) ex. 마이페이지에서 고객명 눌러 계정 전환 [2021.02.10] 복수ID보유 고객일 경우 로그인시 마이페이지 or 전체메뉴에서 '계정전환'버튼을 두어 AS-IS 인증/보안> KB모바일인증서 > 인증서 연결ID조회/변경 화면 이동 할 수 있도록 루트를 제공함, 프로세스 기존유지 [2021-02-18] 요구사항명 변경(이재민대리 확인완료) ㅇ 통합 ID 서비스 가입 시 전계좌조회 영역에 통합계좌 함께 관리할 수 있도록 개선 - 부기명 ID 노출 미희망 고객을 위한 '아이디 숨기기' (등록/해제) 기능 제공 ㅇ 오픈뱅킹의 "계좌 숨기기"와 같이, 다른 ID로 접속 전환 또는 통합조회를 원하지 않는 고객을 위한 서비스 ㅇ 등록/해제 절차 관련 상세 요건은 추가 검토 필요 - 전계좌조회에서 통합ID선택 가능하도록 변경 –> 이체는 조회에서 연동 | K77: 개인뱅킹플랫폼부 | L77: UXUI | M77: 승인 | R77: 이인숙 | S77: 관리 | T77: N | U77: 디지털공통플랫폼부 | V77: 윤순영 차장 | X77: 이상호 팀장/이정윤 대리/전동화 대리 | Y77: 이재민 대리 | AH77: 권영순부장
A78: Biz-170 | B78: 마이페이지 | C78: 기능 | D78: 요구사항정의 | E78: 신규 | F78: 구축요건정의서 | G78: BFE-40020 | H78: 내정보 관리 | I78: - 내정보 관련 화면 통합으로 GateWay역할을 하는 메뉴 제공 ㅇ 개인정보 노출 항목 : 고객명, 개인화메시지, 피싱방지 개인화이미지, 아이디, 고객등급, 사용자암호 수정 , 내정보 수정 · 내정보조회/수정 메뉴 통합 및 개선 (* 주소 노출- 마스킹 처리 관련) · ID조회/사용자암호 재설정 -> 연결 제공 ㅇ 상품 노출항목 : 진행 중 상품, 장바구니 담긴 상품, 관심상품 ㅇ 가입되어 있는 보안서비스 목록 한번에 확인 되도록 표시 ㅇ 내정보조회/수정 메뉴 통합 및 개선 ㅇ 고객우대제도 일부 노출(스타클럽 등급) ㅇ 내 정보 관리 > 내 정보 조회에 ID 정보 추가 ㅇ ID조회/사용자암호 재설정 -> 연결 제공 * 주소 노출- 마스킹 처리 관련 | K78: 개인뱅킹플랫폼부 | L78: UXUI | M78: 승인 | Q78: 20210122_UIUX(관리)_회의록_1차 요구사항분석_ver1.0.docx | R78: 박준규 | S78: 관리 | T78: N | U78: N | X78: 권희영 차장 | Y78: 조세형 과장 박형준 차장 권장우 대리 | AH78: 권영순부장
A79: Biz-174 | B79: 스타뱅킹 해지 | C79: 기능 | D79: 요구사항정의 | E79: 신규 | F79: 구축요건정의서 | G79: BFE-40030 | H79: 스타뱅킹 해지 안내 | I79: - 해지프로세스 변경 : 재확인용 팝업 추가 ㅇ 스타뱅킹 해지 → (*추가)해지 안내 팝업 → 해지완료 --------------------------------- ‘스타뱅킹 해지’에 대한 상세 설명 제공 필요 / 설계 진행 단계에서 고도화 (필요한 컨텐츠 요청시 현업에서 수급 예정) | K79: 개인뱅킹플랫폼부 | L79: UXUI | M79: 승인 | Q79: 20210122_UIUX(관리)_회의록_1차 요구사항분석_ver1.0.docx | R79: 이인숙 | S79: 관리 | T79: N | U79: N | X79: 권희영 차장 | Y79: 박형준 차장 권장우 대리 | AH79: 권영순부장
A80: Biz-175 | B80: 스타샷 기능 분리 | C80: 기능 | D80: 요구사항정의 | E80: 신규 | F80: 구축요건정의서 | G80: BFE-40040 | H80: 증명서 발급 | I80: - 서류제출 : 별도 메뉴 기능으로 분리 - 증명서발급 : 별도 메뉴 기능으로 분리 ㅇ 예금잔액증명서, 부채증명서 등 증명서 발급 신청(단, 예금잔액증명서 영업점 발급 신청의 경우 기능으로 구분) (① 예금잔액증명서, ② 연말정산증명서, ③ 금융소득종합과세조회, ④ 원천징수영수증, ⑤ 계좌개설확인서, ⑥ 부채증명서, ⑦ 금융거래확인서 발급) ㅇ 신규 : 외환 타발송금증명서, 퇴직연금 개인형 IRP 개설확인서 추가 · 외환 타발송금증명서 : 외환매입증명서 제공 수단은 PC출력(이메일) 또는 우편출력, 우편배송수수료 및 발행수수료 다른 증명서와 동일, 증명서 서식은 외환매입/예치증명서 양식(인쇄서식) 그대로 제공 · 퇴직연금 개인형 IRP 개설확인서 : 고객명, 계좌번호, 상품명, 계좌상태, 계좌개설일, 계좌구분(퇴직용, 적립겸용), 적립용 가상계좌번호 정보 표시, 이미지 저장 기능 제공 - 인터넷뱅킹 이용제한 해제(비로그인 거래) - 중요증서 재발급 메뉴 통합 ㅇ As-is : 예금 > 관리 > 통장/인감분실 재발행 신청, 발급내역 조회 ㅇ To-be : 재발급(통장/인감, OTP, 보안카드), 발급내역조회 [01.22] 통장/인감분실 재발행 신청은 메뉴통합하지 않기로함 [02.10] -퇴직연금 개인형IRP계약확인서 인터넷뱅킹 해당 파업 주요정만 선정하여 이미지 저장하기로함 - 신청증명서조회(발급내역조회) : 영업점발급, 등기우편 발급 구분하여 조회, 내역조회, 배송현황, 신청취소 기능통합 - 통장/인감 재발급 : 영업점발급. 등기우편/STM발급 구분하여 조회, 내역조회, 배송현황, 신청취소 기능통합 | K80: 개인뱅킹플랫폼부 | L80: UXUI | M80: 승인 | N80: IA 최종 확정안에 따른 요건 변경 가능 외환 타발송금영수증 요건삭제 | Q80: 20210122_UIUX(관리)_회의록_1차 요구사항분석_ver1.0.docx 20210210_UIUX(관리)_회의록_2차 요구사항분석_ver1.0.docx | R80: 이인숙 | S80: 관리 | T80: N | U80: 코어뱅킹2플랫폼부 | V80: - 신기송 과장(서류제출 업무만 해당됨) - 나머지업무 담당자확인필요 | W80: 담당자 추가확인 필요 | X80: 조형준 대리 | Y80: 이재민 대리 | AH80: 권영순부장
A81: Biz-175 | B81: 스타샷 기능 분리 | C81: 기능 | D81: 요구사항정의 | E81: 신규 | F81: 구축요건정의서 | G81: BFE-40050 | H81: 사고신고/해제 | I81: - 스타샷과 변경/신고/재발급 각 동일 기능 메뉴 통폐합 ㅇ 등록/변경 : 중요증서 이용등록, 계좌비밀번호 변경, 출금 등록, 자동이체 등록/변경 등 (① 보안카드 등록, ② OTP등록, ③ 스마트 OTP등록, ④ 타기관 OTP등록, ⑤ OTP발급신청, ⑥ 계좌비밀번호 변경, ⑦ 계좌비밀번호 분실변경, ⑧ 이체한도 조회/변경, ⑨ 출금계좌 등록/해지, ⑩ 스마트창구출금 등록, ⑪ 스마트창구출금 해제, ⑫ 스마트ATM출금 등록, ⑬ 스마트ATM출금 해제, ⑭ 계좌간자동이체) ㅇ 사고신고/해제 : 보안카드, OTP, 통장/인감, 계좌 비밀번호, 인터넷뱅킹 등 사고신고 및 해제 (① 분실신고 제공, ② 보안카드 분실신고 해제, ③ 보안카드 일련번호 해제, ④ 보안카드 비밀번호 해제, ⑤ OTP분실신고, ⑥ OTP분실신고 해제, ⑦ OTP 비밀번호 해제, ⑧ 인터넷뱅킹 이용제한 해제, ⑨ 전화승인비밀번호 오류 해제, ⑩ 통장인감 분실신고, ⑪ 통장/인감 분실신고 해제, ⑫ 계좌비밀번호 변경, ⑬ 계좌비밀번호오류 해제) ㅇ 재발급 : ① 보안카드 재발급, ② OTP재발급, ③ 통장 재발급 | K81: 개인뱅킹플랫폼부 | L81: UXUI | M81: 승인 | Q81: 20210122_UIUX(관리)_회의록_1차 요구사항분석_ver1.0.docx | R81: 이인숙 | S81: 관리 | T81: N | U81: N | X81: 조형준 대리 | Y81: 이재민 대리 권장우 대리 | AH81: 권영순부장
A82: Biz-022 | B82: 피싱∙스미싱 의심 SMS 신고 | C82: 기능 | D82: 요구사항정의 | E82: 신규 | F82: 회의록 | G82: BFE-41000 | H82: 피싱∙스미싱 의심 SMS 신고 | I82: - “전체메뉴>보안/설정” 당행사칭 SMS 신고” 메뉴 신설 ㅇ 당행사칭 SMS(스미싱,피싱) 문자 주의 안내 가이드 ㅇ KISA 인터넷 보호나라로 링크 연결하여 신고 안내 (https://www.boho.or.kr/consult/phishing.do) [0205] - 단순 안내 컨텐츠 제공 건으로 진행. | K82: 정보보호부 | L82: UXUI | M82: 승인 | Q82: 20210205_UXUI(공통)_회의록_요구사항분석_로그인.인증.기타_ver1.0.docx | R82: 이채우 | S82: 인증/보안 | T82: N | U82: 정보보안플랫폼부 데이터분석플랫폼부 | V82: 이민욱 차장 김홍윤 수석 | X82: 이상호 팀장/이정윤 대리/전동화 대리 | Y82: 박형준 차장 권장우 대리 | AH82: 권영순부장
A83: Biz-023 | B83: 보안 컨텐츠 추가 | C83: 기능 | D83: 요구사항정의 | E83: 신규 | F83: 회의록 | G83: BFE-41010 | H83: 보안 컨텐츠 추가 | I83: 1. “전체메뉴>보안/설정” 보안새소식(게시판)” 메뉴 추가 2. “전체메뉴>보안/설정” 전자금융 보안수칙 메뉴 추가 ※ 기존 인터넷뱅킹 메뉴 모바일앱에 신설 [0205] - 게시판 컨텐츠 추가 건으로 진행. | K83: 정보보호부 | L83: UXUI | M83: 승인 | Q83: 20210205_UXUI(공통)_회의록_요구사항분석_로그인.인증.기타_ver1.0.docx | R83: 이채우 | S83: 인증/보안 | T83: N | U83: 정보보안플랫폼부 | V83: 이민욱 차장 | X83: 이상호 팀장/이정윤 대리/전동화 대리 | Y83: 박형준 차장 권장우 대리 | AH83: 권영순부장
A84: Biz-024 | B84: 고객정보 수정 | C84: 기능 | D84: 요구사항정의 | E84: 삭제 | F84: 회의록 | G84: BFE-41020 | H84: 고객정보 수정 | I84: - 타인에 의한 고객정보(주소/연락처 등) 변경 등 사기시도 방지를 위한 기능 개선 ㅇ 기존 휴대폰 본인인증 방식 외에 강화된 방식 적용 등 | K84: 정보보호부 | L84: UXUI | M84: 거부 | N84: 정보보호부에서 상세 요건이 없음 | Q84: 20210209_UXUI(정보보호부)_회의록_추가요건_요구사항분석_ver1.0.docx | R84: 이채우 | S84: 인증/보안 | T84: N | U84: 고객정보보호플랫폼부 | V84: 김승주 과장 | X84: 조영빈 대리 | Y84: 박형준 차장 권장우 대리 | AH84: 권영순부장
A85: Biz-175 | B85: 스타샷 기능 분리 | C85: 기능 | D85: 요구사항정의 | E85: 신규 | F85: 구축요건정의서 | G85: BFE-42000 | H85: 공과금납부 | I85: - 공과금 납부 : 공과금 동일 메뉴 內 기능 제공 ㅇ 지로/생활요금(표준OCR, OCR, MICR), 국세, 지방세 | K85: 개인뱅킹플랫폼부 | L85: UXUI | M85: 승인 | N85: -IT 1차 회의시, 해당 요건에 대한 승인여부 확정X / IT 2차 회의시 승인여부 확정예정 | Q85: 20210120_UIUX(공과금)_회의록_1차 IT회의_ver1.0.docx | R85: 서보슬 | S85: 공과금 | T85: N | X85: 조형준 대리 | Y85: 김원주 차장 | AH85: 이정환부장
A86: Biz-113 | B86: Sub 메인 | C86: 기능 | D86: 요구사항정의 | E86: 신규 | F86: 구축요건정의서 | G86: BFE-50000 | H86: 외환 Sub 메인 추가 | I86: ① 외환메인 신설, (마이딜링룸 포함) ② 환율 정보 제공 (가칭 : 시장정보) ㅇ 주요통화(USD, JPY, EUR) 외 '다른통화 보기' 이동 기능 ㅇ 약 20여개 다른 통화는 스와이프로 차례대로 제시 (선호하는 환율 순서대로 배치하는 옵션 필요) ㅇ 기준환율/시장환율로 구분(환율 DashBoard) ㅇ 환율의 변동시마다 환율 테이블을 깜박거리며 환율의 변동을 표시 ※ 기준환율은 1일 1백회 전후로 변동하고, 시장환율은 9:00~16:30까지 5초에 한번씩 변동 ㅇ 고객 사실때(Buy), 파실 때(Sell) 구분 및 등락률 표시 ③ 환율 정보 표시후 메뉴별 바로가기성 퀵 버튼 제공 (환율, 환전, 송금 등) * KB스타뱅킹 길라잡이 – UI 참고 ====================================================== 환율/환전/해외송금/국내외화이체/환율픽 등 주요 외환메뉴에 빠르게 접근할 수 있는 형태로 구현희망 | K86: 외환마케팅부/구지연 자본시장부/이한욱 | L86: UXUI | M86: 승인 | Q86: 20201223_UIUX(외환)_회의록_외환 1차 요구사항분석_Ver 1.0.docx 20210114_UIUX(외환)_회의록_외환 IT협의_Ver 1.0.docx 20210210_UIUX(외환)_회의록_외환 요구사항 변경_Ver 1.0.docx | R86: 김명환 | S86: 외환 | T86: N | U86: N | X86: 김서욱 차장 | Y86: 김원주 차장 임상택 과장 | AH86: 손희동부장
A87: Biz-114 | B87: 외환메인 내 대시보드 및 환율픽 연동 | C87: 기능 | D87: 요구사항정의 | E87: 삭제 | F87: 구축요건정의서 | G87: BFE-50001 | H87: 외환메인 내 대시보드 및 환율픽 연동 | I87: - 스타뱅킹 외환Main을 증권사 MTS의 UI와 유사하게 각종 통화들의 환율, 차트 및 외환시장의 뉴스를 실시간으로 함께 업데이트해주는 Dashboard 형태로 구성 - KB환율픽서비스를 연동하여 고객에게 빠른 정보전달 및 거래 수단을 제공 | K87: 외환마케팅부 자본시장부 | L87: UXUI | M87: 거부 | Q87: 20201222_UIUX(외환)_회의록_외환 요구사항 삭제 자료수신_Ver 1.0.docx | R87: 김명환 | S87: 외환 | T87: N | U87: N | X87: 김서욱 차장 | Y87: 김원주 차장 임상택 과장 | AH87: 손희동부장
A88: Biz-115 | B88: 증시 시황 대시보드 | C88: 기능 | D88: 요구사항정의 | E88: 삭제 | F88: 구축요건정의서 | G88: BFE-50002 | H88: 증시 시황 대시보드 | I88: - 마이메뉴 내 「주요지수」 및 「증시일정」 : 외환 메인 밖 별도 콘텐츠로 분리 - 투자상품 신규/운용 시 실시간 시황 자료 조회 기능 제공 ㅇ AS-IS : 금융서비스 > 마이딜링룸 > 외환시황 > 주요지수 / 증시일정 ㅇ TO-BE : 펀드, 신탁 등 상품 안내 시 or 자산관리 콘텐츠와 연결 | K88: 외환마케팅부 자본시장부 | L88: UXUI | M88: 거부 | Q88: 20201222_UIUX(외환)_회의록_외환 요구사항 삭제 자료수신_Ver 1.0.docx | R88: 김명환 | S88: 외환 | T88: N | U88: N | X88: 김서욱 차장 | Y88: 김원주 차장 임상택 과장 | AH88: 손희동부장
A89: Biz-116 | B89: 빠른 외화송금 (개인) 신설 | C89: 기능 | D89: 요구사항정의 | E89: 삭제 | F89: 구축요건정의서 | G89: BFE-50010 | H89: 빠른 외화송금 (개인) 신설 | I89: ① 개인고객 대상 빠른 외화송금 거래 신설 ㅇ 서비스 신청 절차는 빠른이체 서비스 등록절차 준용 ㅇ 해외송금만 적용 예정 (국내외화이체의 경우, 개발범위 검토 후 결정) ㅇ 외화송금 메뉴 통합으로 송금거래가 많다고 판단되면, 송금주소록에 저장된 내역을 송금할 때 전자서명을 생략하는 거래로 검토 예정 --> 요건삭제 (20210128_UIUX(외환)_회의록_외환 IT협의) | K89: 외환마케팅부/구지연 | L89: UXUI | M89: 거부 | Q89: 20201223_UIUX(외환)_회의록_외환 1차 요구사항분석_Ver 1.0.docx 20201230_UIUX(외환)_회의록_외환 2차 요구사항분석_Ver 1.0.docx 20210114_UIUX(외환)_회의록_외환 IT협의_Ver 1.0.docx 20210128_UIUX(외환)_회의록_외환 IT협의_Ver 1.0.docx | R89: 김명환 | S89: 외환 | T89: N | U89: N | X89: 김서욱 차장 | Y89: 김원주 차장 임상택 과장 | AH89: 손희동부장
A90: Biz-117 | B90: 자동·예약송금 신설 (구. WISE해외송금, 맞춤송금) | C90: 기능 | D90: 요구사항정의 | E90: 삭제 | F90: 구축요건정의서 | G90: BFE-50020 | H90: 자동예약 송금 신설 | I90: ① 고객이 지정한 환율이 전신환매도율(전신으로 송금하는 경우 적용되는 환율)에 도달한 경우, 설정된 정보로 송금되는 서비스 신설 ㅇ 이체주기 또는 일회성 해외송금 예약 ㅇ 외화금액/원화금액 환산액 기준으로 송금예약 가능 ㅇ 원화 출금계좌, 외화 출금계좌 모두 가능 (기존 원화 출금계좌만 가능) ㅇ 거래 체결 이전인 경우, 1) ‘신청 취소’ 기능 제공 2) 해외송금조회 화면 내 대기명세(맞춤송금 미체결건)를 구분하여 표시 ㅇ 알림 형태는 LMS(SMS)로 검토 중 (Push의 경우, 고객 동의 필요) ※ 참고 : 구. WISE해외송금 DEVELOP VER. --> 요건 삭제 (20210210_UIUX(외환)_회의록_외환 요구사항 변경_Ver 1.0.docx) | K90: 외환마케팅부/구지연 | L90: UXUI | M90: 거부 | N90: 외환 인터넷뱅킹 개편내용 준용 | Q90: 20201223_UIUX(외환)_회의록_외환 1차 요구사항분석_Ver 1.0.docx 20201230_UIUX(외환)_회의록_외환 2차 요구사항분석_Ver 1.0.docx 20210114_UIUX(외환)_회의록_외환 IT협의_Ver 1.0.docx 20210210_UIUX(외환)_회의록_외환 요구사항 변경_Ver 1.0.docx | R90: 김명환 | S90: 외환 | T90: N | U90: -데이터분석플랫폼부 - 코어뱅킹2플랫폼부 | V90: - 김홍윤팀장, 정현석대리, 유승완 대리 - 송혜경 과장 | W90: - 송금업무관련으로 외환업무 추가 - 회의시 현업 반드시 참석 필요함 | X90: 김서욱 차장 | Y90: 김원주 차장 임상택 과장 | AH90: 손희동부장
A91: Biz-117 | B91: 자동·예약송금 신설 (구. WISE해외송금, 맞춤송금) | C91: 기능 | D91: 요구사항정의 | E91: 삭제 | F91: 구축요건정의서 | G91: BFE-50021 | H91: 맞춤환율 송금 신설 | I91: ① 고객이 지정한 환율이 전신환매도율(전신으로 송금하는 경우 적용되는 환율)에 도달한 경우, 바로 송금되는 서비스 신설 ㅇ 거래 체결 이전인 경우, 1) ‘신청 취소’ 기능 제공 2) 해외송금조회 화면 내 대기명세(맞춤송금 미체결건)를 구분하여 표시 ㅇ 알림 형태는 LMS(SMS)로 검토 중 (Push의 경우, 고객 동의 필요) ※ 참고 : 인터넷뱅킹 > 맞춤환율 송금 : '맞춤환율 송금' : 고객이 일정한 금액의 외국환을 송금할 수 있는 환율을 예약하고, 예약 신청한 날로부터 장래의 특정한 기일 이내에, 은행이 고시하는 대고객 전신환매도율이 고객이 예약 지정한 환율에 도달하여 거래가 체결될 경우 동 외국환 대금을 해외로 송금하는 거래 | K91: 외환마케팅부/구지연 | L91: UXUI | M91: 거부 | Q91: 20201223_UIUX(외환)_회의록_외환 1차 요구사항분석_Ver 1.0.docx 20201230_UIUX(외환)_회의록_외환 2차 요구사항분석_Ver 1.0.docx 20210114_UIUX(외환)_회의록_외환 IT협의_Ver 1.0.docx | R91: 김명환 | S91: 외환 | T91: N | U91: N | X91: 김서욱 차장 | Y91: 김원주 차장 임상택 과장 | AH91: 손희동부장
A92: Biz-118 | B92: Interactive 환율 대시보드 | C92: 기능 | D92: 요구사항정의 | E92: 삭제 | F92: 구축요건정의서 | G92: BFE-50022 | H92: Interactive 환율 대시보드 | I92: - 환율 Dashboard기능 개선 ㅇ 증시 시황 데이터 업데이트 시간 단축 ㅇ 시황 차트 그래픽, 조회기능 개선 - 화면 구현 ㅇ 증권사 MTS에 준하는 Interactive한 Dashboard의 구현 (차트 솔루션을 활용한 그래픽 개선) ㅇ 실시간 환율 정보를 반영한 당행 자체 차트의 추가 (현재 인포맥스 외부업체 제공 데이터 배치) ㅇ 고객 거래시 고객에게 적용되는 환율을 실시간으로 업데이트 ㅇ 시각적 효과 및 입력 기능 다양화 | K92: 외환마케팅부 자본시장부 | L92: UXUI | M92: 거부 | Q92: 20201222_UIUX(외환)_회의록_외환 요구사항 삭제 자료수신_Ver 1.0.docx | R92: 김명환 | S92: 외환 | T92: N | U92: N | X92: 김서욱 차장 | Y92: 김원주 차장 임상택 과장 | AH92: 손희동부장
A93: Biz-119 | B93: KB환율픽 | C93: 기능 | D93: 요구사항정의 | E93: 신규 | F93: 구축요건정의서 | G93: BFE-50030 | H93: KB환율픽 통폐합 | I93: - 메뉴 통폐합 ① KB환율픽 메뉴 통합 「거래주문」 : 「거래주문」 + 「원클릭주문」 ② KB환율픽 메뉴 통합 「거래주문 내역 조회/변경/취소」 : 「변경/취소」 + 「거래주문내역조회」 ③ KB환율픽 메뉴 통합 「환율고시」 : 「환율고시」 + 「환율고시내역조회」 * 환율픽 환율정보 조회를 위해선 로그인 필수 (거래전용 시장연동환율 제공) -> TO-BE IA 구조도에 맞게 재구성 함 | K93: 자본시장부/이한욱 | L93: UXUI | M93: 승인 | N93: IA 최종 확정에 따라 요건 변경 가능 | Q93: 20201223_UIUX(외환)_회의록_외환 1차 요구사항분석_Ver 1.0.docx 20210114_UIUX(외환)_회의록_외환 IT협의_Ver 1.0.docx | R93: 김명환 | S93: 외환 | T93: N | U93: N | X93: 김서욱 차장 | Y93: 김원주 차장 임상택 과장 | AH93: 손희동부장
A94: Biz-120 | B94: 외화보통 예금 해지 | C94: 기능 | D94: 요구사항정의 | E94: 신규 | F94: 구축요건정의서 | G94: BFE-50040 | H94: 외화보통예금 해지 프로세스 신설 (원화 해지프로세스 준용) | I94: ① 원화요구불 해지 프로세스 준용하여 신설 ㅇ 원화금액으로 해지 : 해당시점 환율을 적용해 잔액을 원화로 환전 후 입금 (당행 원화 요구불 보유시 지원) ② 외화예금해지/예상조회 메뉴 통합 ㅇ 계좌해지 전체 통합 (ex. 탭방식 (상품 별 전체 해지)) ====================================================== 추가기재사항 * 외화보통예금 해지 조건 : ① 잔액(이자포함) > 0 이상인 경우 ② 원화요구불계좌에 해지금액 입금처리(포지션거래만 가능, 외화대체거래 불가) ③ 입금계좌번호 콤보박스 선택시 외화요구불통장 명세 제공 안함 ④ 해지금액 원화요구불계좌 입금시 입금지정계좌를 지정한 고객의 경우 지정한 계좌로만 입금처리 ⑤ 해지금액은 전자금융 당일이체누계에 포함 안됨 | K94: 외환마케팅부/구지연 | L94: UXUI | M94: 조건부승인 | N94: [0504]조건부승인->승인 외환 인터넷뱅킹 개편내용 준용, IT협의 완료 | Q94: 20201223_UIUX(외환)_회의록_외환 1차 요구사항분석_Ver 1.0.docx 20210210_UIUX(외환)_회의록_외환 요구사항 변경_Ver 1.0.docx | R94: 김명환 | S94: 외환 | T94: N | U94: 코어뱅킹1플랫폼부 | V94: 진효정 대리 | X94: 김서욱 차장 | Y94: 김원주 차장 임상택 과장 | AH94: 손희동부장 | AJ94: 44320
A95: Biz-121 | B95: 환율조회 /환율추이 | C95: 기능 | D95: 요구사항정의 | E95: 신규 | F95: 구축요건정의서 | G95: BFE-50050 | H95: 환율조회 /환율추이 개선 | I95: ① 환율정보 UI 개선 ㅇ 심플한 형태의 환율 Linear 그래프 제공, 포인터 이동을 통해 해당 일자의 환율 세부정보 제공 ㅇ 차트 솔루션 : 인터넷뱅킹 프로젝트 개발사항 준용 ② 환율정보 개선 ㅇ 각 통화에 대한 일별, 기간별 환율정보 제공 ㅇ 기간별 조회 옵션 제공 (당일, 1주일, 1달, 3개월, 1년, 3년 등) ㅇ 희망하는 외화 선택 후 조회 (기본 : USD, 전체 통화 내역 : 정리중) ㅇ 통화별 환율 상세정보 제공 (현재 기준환율, 현찰 사실 때, 현찰 파실 때, 송금 보내실 때, 송금 받으실 때) ㅇ 통화별 최고, 최저, 일평균 환율 제공 ㅇ KB 내 운영 중인 2개의 환율정보 제공 (Linear 그래프, 테이블 차트) * 환율정보 : 일반 고시환율, KB FX환율(시장환율) ③ 메뉴 경로 ㅇ 메뉴 경로 : 외환 > 환율정보&환율픽 > 환율정보 | K95: 외환마케팅부/구지연 자본시장부/이한욱 | L95: UXUI | M95: 조건부승인 | N95: [0504]조건부승인->승인 외환 인터넷뱅킹 개편내용 준용 - KB FX환율 노출관련 요건 삭제, IT협의 완료 | Q95: 20201223_UIUX(외환)_회의록_외환 1차 요구사항분석_Ver 1.0.docx 20201230_UIUX(외환)_회의록_외환 2차 요구사항분석_Ver 1.0.docx 20210210_UIUX(외환)_회의록_외환 요구사항 변경_Ver 1.0.docx | R95: 김명환 | S95: 외환 | T95: N | U95: 코어뱅킹1플랫폼부 | V95: 이향림 과장 | X95: 김서욱 차장 | Y95: 김원주 차장 임상택 과장 | AH95: 손희동부장 | AJ95: 44320
A96: Biz-122 | B96: 해외수취인 앞 송금정보 요청 기능 신설 | C96: 기능 | D96: 요구사항정의 | E96: 삭제 | F96: 구축요건정의서 | G96: BFE-50060 | H96: 해외수취인 앞 송금정보 요청 기능 신설 영문계좌확인서(해외송금용) | I96: ① 해외송금에 대한 해외 수취인의 송금 정보입력 서비스 제공 ㅇ 국내 송금인이 해외 수취인에게 송금 정보를 입력할 수 있는 웹페이지의 URL을 카카오톡이나 SMS로 전달 ㅇ 해외 수취인이 웹페이지에서 수취정보 입력 ㅇ 해외 수취인이 수취정보를 입력한 경우, 국내 송금인의 송금주소록에 저장 ㅇ New 스타뱅킹 : 이미지 다운로드, 이미지 공유 ㅇ 외환 인터넷뱅킹 : 이미지 다운로드만 가능 (인터넷뱅킹 다국어 화면에서 수취계좌 진위여부 기능 제공예정) ※ 참고 : K뱅크 - 수취인 송금 정보 직접 입력 서비스 --> 요건 변경 (해외 송금 입력항목에 대한 이미지 전송등의 다른 방안으로 대체) ====================================================================== - 해외송금을 받기 위해 필요한 정보를 이미지로 다운로드 및 공유하기 기능 제공 - 발급번호 표시 필요 (kbstar.com > 다국어 페이지 내 진위여부 확인기능 신설예정) 1. 프로세스 가. 고객계좌번호 입력 및 영문명 확인 나. 발급 다. 이미지파일 생성 > 다운로드/이미지공유 기능 --> 삭제 (회의록 : 20210217_UIUX(외환)_회의록_외환 IT협의_Ver 1.0.docx) | K96: 외환마케팅부/구지연 | L96: UXUI | M96: 거부 | Q96: 20201223_UIUX(외환)_회의록_외환 1차 요구사항분석_Ver 1.0.docx 20201230_UIUX(외환)_회의록_외환 2차 요구사항분석_Ver 1.0.docx 20210114_UIUX(외환)_회의록_외환 IT협의_Ver 1.0.docx 20210210_UIUX(외환)_회의록_외환 요구사항 변경_Ver 1.0.docx 20210217_UIUX(외환)_회의록_외환 IT협의_Ver 1.0.docx | R96: 김명환 | S96: 외환 | T96: N | U96: N | X96: 김서욱 차장 | Y96: 김원주 차장 임상택 과장 | AH96: 손희동부장
A97: Biz-123 | B97: 해외송금 수취정보 임시저장 | C97: 기능 | D97: 요구사항정의 | E97: 신규 | F97: 구축요건정의서 | G97: BFE-50070 | H97: 해외송금 예비거래의 수취정보 임시저장 기능 추가 | I97: ① 해외송금 정보입력 화면에 ‘임시저장’ 버튼 상시 제공 ㅇ 하나 이상의 송금정보가 입력된 상태에서 ‘임시저장’ 선택 시, 입력된 송금정보 저장 ㅇ 임시저장된 상태에서 해외송금 화면 집입 시, 가장 최근 저장된 송금정보 한 건에 대한 알림정보 제공 ㅇ 임시저장된 송금정보로 본 거래 완료 시, 임시저장 정보 삭제 ② 해외송금 정보 입력 후 예비거래로 이동 후 시스템 오류로 거래가 미완료된 경우 수취정보 임시저장 ========================================================================== '가. 거래화면 >>> 예비거래 등 이동시 화면 입력값 임시 저장 나. 임시저장 : 입력값 입력 중 "임시저장"하고 해당 거래를 완료 하지 않은 경우 화면 이탈 후, 재진입 시 "기존에 작성하시던 내용이 있습니다. 불러오시겠습니까?" Y/N ㅇ Y 선택 시 >>>> 임시저장되었던 값을 SET ㅇ N 선택 시 >>>> 화면 초기화 및 임시저장 DATA 삭제처리 | K97: 외환마케팅부/구지연 | L97: UXUI | M97: 승인 | Q97: 20201223_UIUX(외환)_회의록_외환 1차 요구사항분석_Ver 1.0.docx 20201230_UIUX(외환)_회의록_외환 2차 요구사항분석_Ver 1.0.docx 20210128_UIUX(외환)_회의록_외환 IT협의_Ver 1.0.docx 20210210_UIUX(외환)_회의록_외환 요구사항 변경_Ver 1.0.docx | R97: 김명환 | S97: 외환 | T97: N | U97: N | X97: 김서욱 차장 | Y97: 김원주 차장 임상택 과장 | AH97: 손희동부장
A98: Biz-124 | B98: 외화예금 가입 프로세스 개선 | C98: 기능 | D98: 요구사항정의 | E98: 신규 | F98: 구축요건정의서 | G98: BFE-50080 | H98: 외화예금 가입 프로세스 개선 | I98: ① 원화 요구불 신규 / 정기예금 신규 수준으로 간편하게 프로세스 개선 ※ 검토의견 : 외화요구불 신규 관련(외화 요구불신규 시, 현재 당행출금계좌1USD 직접이체 방식 > 요구불계좌번호 검증방식으로 변경) (정보보호부 의견) 가능함. 과거 무자원신규에 대한 이슈가 있었지만 현재 해당이슈가 사라져서 원화 요구불신규도 무자원신규 가능하므로 외화 요구불도 문제 없음. 6.16 확인 =========================================================== (추가기재) 1. 보통예금, 정기예금 모든 단계의 UI/UX를 원화예금 기준으로 통일 2. 외화예금 관련 상품팩토리와 상품어드민, 콜센터시스템 등과의 연계 개발 (원화예금과 동일한 프로세스 구현) | K98: 외환마케팅부/구지연 | L98: UXUI | M98: 조건부승인 | N98: IT협의 완료 | Q98: 20201223_UIUX(외환)_회의록_외환 1차 요구사항분석_Ver 1.0.docx 20210210_UIUX(외환)_회의록_외환 요구사항 변경_Ver 1.0.docx | R98: 김명환 | S98: 외환 | T98: N | U98: 코어뱅킹1플랫폼부 | V98: 진효정 대리 | X98: 김서욱 차장 | Y98: 김원주 차장 임상택 과장 | AH98: 손희동부장 | AJ98: 44347
A99: Biz-125 | B99: 외화예금 입/출금 거래 개선 | C99: 기능 | D99: 요구사항정의 | E99: 신규 | F99: 구축요건정의서 | G99: BFE-50081 | H99: 외화예금 입/출금 거래 개선 | I99: - 외화보통예금 입/출금 거래 통합 ㅇ Tap 방식으로 메뉴 통합 (메뉴/명칭 통합) ㅇ 입/출금통화, 금액 입력 시(또는 입력 후 예상조회 버튼 클릭 시) 입력란 하단에 적용환율 및 예상입금액 노출 ㅇ ‘내 계좌로 입금하는 경우’, ‘타인의 계좌로 입금하는 경우’ 라디오 버튼 신설하여 본인계좌 입금 시 입금계좌란이 콤보박스 형태로 노출되어 본인 원화요구불 계좌 선택가능하도록 함, 타인계좌 입금 시 입금계좌란이 입력칸 방식으로 노출되고 상단에 자주 쓰는 입금계좌(또는 최근 입금계좌) 버튼을 통해 입금정보 확인 가능하도록 함 ㅇ 추가 간소화 : '내계좌로 입금' 시 비번입력 및 전자서명(인증) 절차 생략 가능여부 검토 (원화계좌 '내계좌 이체'와 동일) ㅇ 금액 입력방식 추가 : 외화예금 입/출금 시 원화기준금액 입력 방식 추가 (\→$) - 외화정기예금 추가입금 거래 간소화 ㅇ 보안매체, 전자서명 입력생략 -> 출금계좌비밀번호만 유지 ==================================== 인터넷뱅킹 신설 "외화이체" 및 "외화이체내역조회" 기능 NEW스타뱅킹 내 구현 | K99: 외환마케팅부 | L99: UXUI | M99: 승인 | Q99: 20201222_UIUX(외환)_회의록_외환 요구사항 삭제 자료수신_Ver 1.0.docx 20210210_UIUX(외환)_회의록_외환 요구사항 변경_Ver 1.0.docx | R99: 김명환 | S99: 외환 | T99: N | U99: N | X99: 김서욱 차장 | Y99: 김원주 차장 임상택 과장 | AH99: 손희동부장
A100: Biz-126 | B100: 외환 메뉴 그룹핑 개선 | C100: 기능 | D100: 요구사항정의 | E100: 신규 | F100: 구축요건정의서 | G100: BFE-50090 | H100: 외환 메뉴 재정리 | I100: ① 고객 관점의 메뉴 접근 경로 간소화 ㅇ 외환 메뉴를 선택하면 포털 화면처럼 “환전/송금/외화예금”이 한눈에 보이도록 배치 ㅇ DIY메뉴 구성을 통해 고객이 자주 이용하는 거래 직접 배치할 수 있도록 구성 / DIY 기능 범위 확인 ㅇ 1차 메뉴 예시: MY외환, 환율정보&환율픽, 환전, 외화예금, 해외외화송금, 국내외화송금 ㅇ NEW KB스타뱅킹 개편 메뉴구조도를 준용함 | K100: 외환마케팅부/구지연 | L100: UXUI | M100: 조건부승인 | N100: [0504]조건부승인->승인 | Q100: 20201223_UIUX(외환)_회의록_외환 1차 요구사항분석_Ver 1.0.docx 20201230_UIUX(외환)_회의록_외환 2차 요구사항분석_Ver 1.0.docx | R100: 김명환 | S100: 외환 | T100: N | U100: N | X100: 김서욱 차장 | Y100: 김원주 차장 임상택 과장 | AH100: 손희동부장 | AJ100: 44320
...
